/*
SQLyog Ultimate v8.55 
MySQL - 5.6.14 : Database - webpage
*********************************************************************
*/

/*!40101 SET NAMES utf8 */;

/*!40101 SET SQL_MODE=''*/;

/*!40014 SET @OLD_UNIQUE_CHECKS=@@UNIQUE_CHECKS, UNIQUE_CHECKS=0 */;
/*!40014 SET @OLD_FOREIGN_KEY_CHECKS=@@FOREIGN_KEY_CHECKS, FOREIGN_KEY_CHECKS=0 */;
/*!40101 SET @OLD_SQL_MODE=@@SQL_MODE, SQL_MODE='NO_AUTO_VALUE_ON_ZERO' */;
/*!40111 SET @OLD_SQL_NOTES=@@SQL_NOTES, SQL_NOTES=0 */;
/*Table structure for table `A_OPTIONS` */

DROP TABLE IF EXISTS `A_OPTIONS`;

CREATE TABLE `A_OPTIONS` (
  `ID` int(10) NOT NULL AUTO_INCREMENT,
  `REPORT_ID` int(10) DEFAULT NULL,
  `TYPE` varchar(255) DEFAULT NULL,
  `DISABLE` int(10) DEFAULT '0',
  `CREATED_ON` datetime DEFAULT NULL,
  `LAST_MODIFIED_ON` timestamp NOT NULL DEFAULT CURRENT_TIMESTAMP ON UPDATE CURRENT_TIMESTAMP,
  PRIMARY KEY (`ID`)
) ENGINE=InnoDB AUTO_INCREMENT=13 DEFAULT CHARSET=latin1;

/*Data for the table `A_OPTIONS` */

insert  into `A_OPTIONS`(`ID`,`REPORT_ID`,`TYPE`,`DISABLE`,`CREATED_ON`,`LAST_MODIFIED_ON`) values (1,1,'1405',0,'2016-11-11 10:10:00','2016-11-15 16:08:38'),(2,1,'2205',0,'2016-11-11 10:10:00','2016-11-15 18:10:31'),(3,1,'805',0,'2016-11-11 10:10:00','2016-11-15 18:10:33'),(4,2,'Build a New PN\r\n',0,'2016-11-11 10:10:00','2016-11-15 16:08:53'),(5,4,'Create New User\r\n',0,'2016-11-11 10:10:00','2016-11-15 16:08:54'),(6,2,'Current PN to New PN\r\n',0,'2016-11-11 10:10:00','2016-11-15 16:08:58'),(7,2,'Current SKU to New SKU\r\n',0,'2016-11-11 10:10:00','2016-11-15 16:08:59'),(8,4,'Send email to all users\r\n',0,'2016-11-11 10:10:00','2016-11-15 16:09:08'),(9,3,'Set alert for num of continous failures\r\n',0,'2016-11-11 10:10:00','2016-11-15 16:09:09'),(10,3,'Set alert per product\r\n',0,'2016-11-11 10:10:00','2016-11-15 16:09:10'),(11,3,'Set alert per product per Test\r\n',0,'2016-11-11 10:10:00','2016-11-15 16:09:10'),(12,4,'User List\r\n',0,'2016-11-11 10:10:00','2016-11-15 16:09:11');

/*Table structure for table `A_REPORT` */

DROP TABLE IF EXISTS `A_REPORT`;

CREATE TABLE `A_REPORT` (
  `ID` int(10) NOT NULL AUTO_INCREMENT,
  `TYPE` varchar(255) DEFAULT NULL,
  `DISABLE` int(10) DEFAULT '0',
  `CREATED_ON` datetime DEFAULT NULL,
  `LAST_MODIFIED_ON` timestamp NOT NULL DEFAULT CURRENT_TIMESTAMP ON UPDATE CURRENT_TIMESTAMP,
  PRIMARY KEY (`ID`)
) ENGINE=InnoDB AUTO_INCREMENT=5 DEFAULT CHARSET=latin1;

/*Data for the table `A_REPORT` */

insert  into `A_REPORT`(`ID`,`TYPE`,`DISABLE`,`CREATED_ON`,`LAST_MODIFIED_ON`) values (1,'TEST REPORT\r\n',0,'2016-11-11 10:10:00','2016-11-15 15:23:35'),(2,'CONVERSION TOOL\r\n',0,'2016-11-11 10:10:00','2016-11-15 15:24:07'),(3,'SET EMAIL ALERT\r\n',0,'2016-11-11 10:10:00','2016-11-15 15:24:08'),(4,'ADMINISTRATION\r\n',0,'2016-11-11 10:10:00','2016-11-15 15:24:12');

/*Table structure for table `A_TEST_REPORTS` */

DROP TABLE IF EXISTS `A_TEST_REPORTS`;

CREATE TABLE `A_TEST_REPORTS` (
  `ID` int(10) NOT NULL AUTO_INCREMENT,
  `OPTION_ID` int(10) DEFAULT NULL,
  `PRODUCT` varchar(255) DEFAULT NULL,
  `PRODUCT_DESC` varchar(255) DEFAULT NULL,
  `TESTREPORT` varchar(255) DEFAULT NULL,
  `TESTREPORT_ID` int(10) DEFAULT NULL,
  `DISABLE` int(10) DEFAULT '0',
  `CREATED_ON` datetime DEFAULT NULL,
  `LAST_MODIFIED_ON` timestamp NOT NULL DEFAULT CURRENT_TIMESTAMP ON UPDATE CURRENT_TIMESTAMP,
  PRIMARY KEY (`ID`)
) ENGINE=InnoDB AUTO_INCREMENT=10 DEFAULT CHARSET=latin1;

/*Data for the table `A_TEST_REPORTS` */

insert  into `A_TEST_REPORTS`(`ID`,`OPTION_ID`,`PRODUCT`,`PRODUCT_DESC`,`TESTREPORT`,`TESTREPORT_ID`,`DISABLE`,`CREATED_ON`,`LAST_MODIFIED_ON`) values (1,1,'1405','BMW\r\n','TEST RECORDS BY PN\r\n',4,0,'2016-11-11 10:10:00','2016-11-15 18:11:01'),(2,1,'1405','BMW\r\n','TEST REPORT BY SN\r\n',3,0,'2016-11-11 10:10:00','2016-11-15 18:10:59'),(3,1,'1405','BMW\r\n','TEST YIELD BY PN\r\n',5,0,'2016-11-11 10:10:00','2016-11-15 18:11:03'),(4,2,'2205','MERC\r\n','TEST RECORDS BY PN\r\n',7,0,'2016-11-11 10:10:00','2016-11-15 18:10:42'),(5,2,'2205','MERC\r\n','TEST REPORT BY SN\r\n',6,0,'2016-11-11 10:10:00','2016-11-15 18:10:48'),(6,2,'2205','MERC\r\n','TEST YIELD BY PN\r\n',8,0,'2016-11-11 10:10:00','2016-11-15 18:10:51'),(7,3,'805','AUDI\r\n','TEST RECORDS BY PN\r\n',1,0,'2016-11-11 10:10:00','2016-11-15 18:27:12'),(8,3,'805','AUDI\r\n','TEST REPORT BY SN\r\n',0,0,'2016-11-11 10:10:00','2016-11-15 18:27:28'),(9,3,'805','AUDI\r\n','TEST YIELD BY PN\r\n',2,0,'2016-11-11 10:10:00','2016-11-15 18:27:30');

/*Table structure for table `TESTHEADER` */

DROP TABLE IF EXISTS `TESTHEADER`;

CREATE TABLE `TESTHEADER` (
  `SN` int(100) DEFAULT NULL,
  `PN` varchar(100) DEFAULT NULL,
  `HWS` varchar(100) DEFAULT NULL,
  `SKU` varchar(255) DEFAULT NULL,
  `PRODUCT` varchar(255) DEFAULT NULL,
  `CONSOLE` int(100) DEFAULT NULL,
  `STATIONID` varchar(100) DEFAULT NULL,
  `COMPUTER_NAME` varchar(100) DEFAULT NULL,
  `TBVERSION` varchar(100) DEFAULT NULL,
  `DIAGVERSION` varchar(100) DEFAULT NULL,
  `OSVERSION` varchar(100) DEFAULT NULL,
  `USERID` varchar(100) DEFAULT NULL,
  `OPMODE` varchar(100) DEFAULT NULL,
  `MODULE` varchar(100) DEFAULT NULL,
  `STARTTIME` datetime DEFAULT NULL,
  `ENDTIME` datetime DEFAULT NULL,
  `TOTALTESTTIME` datetime DEFAULT NULL,
  `REV` int(255) DEFAULT NULL,
  `OVERALLSTATUS` varchar(100) DEFAULT NULL,
  `TESTREPORT` varchar(255) DEFAULT NULL,
  `RUNNINGLOG` text,
  `TRACELOG` varchar(255) DEFAULT NULL,
  `TIMEZONE` varchar(255) DEFAULT NULL,
  `TTF` varchar(255) DEFAULT NULL,
  `CREATED_ON` datetime DEFAULT NULL,
  `LAST_MODIFIED_ON` timestamp NOT NULL DEFAULT CURRENT_TIMESTAMP ON UPDATE CURRENT_TIMESTAMP
) ENGINE=InnoDB DEFAULT CHARSET=latin1;

/*Data for the table `TESTHEADER` */

insert  into `TESTHEADER`(`SN`,`PN`,`HWS`,`SKU`,`PRODUCT`,`CONSOLE`,`STATIONID`,`COMPUTER_NAME`,`TBVERSION`,`DIAGVERSION`,`OSVERSION`,`USERID`,`OPMODE`,`MODULE`,`STARTTIME`,`ENDTIME`,`TOTALTESTTIME`,`REV`,`OVERALLSTATUS`,`TESTREPORT`,`RUNNINGLOG`,`TRACELOG`,`TIMEZONE`,`TTF`,`CREATED_ON`,`LAST_MODIFIED_ON`) values (2147483647,'150-1001-000','S241828X6816579','TE-825-NS1DTCGD-AC','805',7,'LICCONF','LC-1','4.0.0.2','null','null','Roberto','PRODUCTION','CHASSIS','2028-10-16 11:12:00','2028-10-16 11:12:00','2002-01-01 00:00:00',0,'FAILED','TESTREPORT[0805201608700001][CHASSIS][LICCONF][LC-1][CELL7][20161028T111227][FAILED].xml','C:workmfgdata	estreportsTESTREPORT[0805201608700001][CHASSIS][LICCONF][LC-1][CELL7][20161028T111227]','TRACE[0805201608700001][CHASSIS][LICCONF][LC-1][CELL7][20161028T111227].log','null','null','2008-11-16 08:39:00','0000-00-00 00:00:00'),(2147483647,'150-1001-000','S241828X6816579','TE-825-NS1DTCGD-AC','805',7,'LICCONF','LC-1','4.0.0.2','null','null','Roberto','PRODUCTION','CHASSIS','2028-10-16 12:15:00','2028-10-16 12:26:00','2002-01-01 00:00:00',0,'PASSED','TESTREPORT[0805201608700001][CHASSIS][LICCONF][LC-1][CELL7][20161028T121515][PASSED].xml','C:workmfgdata	estreportsTESTREPORT[0805201608700001][CHASSIS][LICCONF][LC-1][CELL7][20161028T121515]','TRACE[0805201608700001][CHASSIS][LICCONF][LC-1][CELL7][20161028T121515].log','null','null','2008-11-16 08:39:00','0000-00-00 00:00:00'),(2147483647,'150-1001-000','S241828X6816580','TE-825-NS1DTCGD-AC','805',10,'LICCONF','LC-1','4.0.0.2','null','null','Roberto','PRODUCTION','CHASSIS','2028-10-16 11:13:00','2028-10-16 11:13:00','2002-01-01 00:00:00',0,'FAILED','TESTREPORT[0805201608700002][CHASSIS][LICCONF][LC-1][CELL10][20161028T111354][FAILED].xml','C:workmfgdata	estreportsTESTREPORT[0805201608700002][CHASSIS][LICCONF][LC-1][CELL10][20161028T111354]','TRACE[0805201608700002][CHASSIS][LICCONF][LC-1][CELL10][20161028T111354].log','null','null','2008-11-16 08:40:00','0000-00-00 00:00:00'),(2147483647,'150-1001-000','S241828X6816580','TE-825-NS1DTCGD-AC','805',10,'LICCONF','LC-1','4.0.0.2','null','null','Roberto','PRODUCTION','CHASSIS','2028-10-16 12:16:00','2028-10-16 12:27:00','2002-01-01 00:00:00',0,'PASSED','TESTREPORT[0805201608700002][CHASSIS][LICCONF][LC-1][CELL10][20161028T121600][PASSED].xml','C:workmfgdata	estreportsTESTREPORT[0805201608700002][CHASSIS][LICCONF][LC-1][CELL10][20161028T121600]','TRACE[0805201608700002][CHASSIS][LICCONF][LC-1][CELL10][20161028T121600].log','null','null','2008-11-16 08:40:00','0000-00-00 00:00:00'),(2147483647,'150-1001-000','S241828X6816581','TE-825-NS1DTCGD-AC','805',8,'LICCONF','LC-1','4.0.0.2','null','null','Roberto','PRODUCTION','CHASSIS','2028-10-16 11:12:00','2028-10-16 11:12:00','2002-01-01 00:00:00',0,'FAILED','TESTREPORT[0805201608700003][CHASSIS][LICCONF][LC-1][CELL8][20161028T111241][FAILED].xml','C:workmfgdata	estreportsTESTREPORT[0805201608700003][CHASSIS][LICCONF][LC-1][CELL8][20161028T111241]','TRACE[0805201608700003][CHASSIS][LICCONF][LC-1][CELL8][20161028T111241].log','null','null','2008-11-16 08:40:00','0000-00-00 00:00:00'),(2147483647,'150-1001-000','S241828X6816581','TE-825-NS1DTCGD-AC','805',8,'LICCONF','LC-1','4.0.0.2','null','null','Roberto','PRODUCTION','CHASSIS','2028-10-16 12:15:00','2028-10-16 12:26:00','2002-01-01 00:00:00',0,'PASSED','TESTREPORT[0805201608700003][CHASSIS][LICCONF][LC-1][CELL8][20161028T121526][PASSED].xml','C:workmfgdata	estreportsTESTREPORT[0805201608700003][CHASSIS][LICCONF][LC-1][CELL8][20161028T121526]','TRACE[0805201608700003][CHASSIS][LICCONF][LC-1][CELL8][20161028T121526].log','null','null','2008-11-16 08:40:00','0000-00-00 00:00:00'),(2147483647,'150-1001-000','S241828X6816582','null','805',7,'SWDL','LC-1','4.0.0.0','null','null','abc','PRODUCTION','CHASSIS','2029-09-16 10:08:00','2029-09-16 10:12:00','2002-01-01 00:00:00',0,'FAILED','TESTREPORT[0805201608700004][CHASSIS][SWDL][LC-1][CELL7][20160929T100827][FAILED].xml','C:workmfgdata	estreportsTESTREPORT[0805201608700004][CHASSIS][SWDL][LC-1][CELL7][20160929T100827]','TRACE[0805201608700004][CHASSIS][SWDL][LC-1][CELL7][20160929T100827].log','null','null','2008-11-16 08:44:00','0000-00-00 00:00:00'),(2147483647,'150-1001-000','S241828X6816582','null','805',7,'SWDL','LC-1','4.0.0.0','null','null','abc','PRODUCTION','CHASSIS','2029-09-16 10:16:00','2029-09-16 10:21:00','2002-01-01 00:00:00',0,'FAILED','TESTREPORT[0805201608700004][CHASSIS][SWDL][LC-1][CELL7][20160929T101659][FAILED].xml','C:workmfgdata	estreportsTESTREPORT[0805201608700004][CHASSIS][SWDL][LC-1][CELL7][20160929T101659]','TRACE[0805201608700004][CHASSIS][SWDL][LC-1][CELL7][20160929T101659].log','null','null','2008-11-16 08:44:00','0000-00-00 00:00:00'),(2147483647,'150-1001-000','S241828X6816582','null','805',7,'SWDL','LC-1','4.0.0.0','null','null','abc','PRODUCTION','CHASSIS','2029-09-16 10:34:00','2029-09-16 10:38:00','2002-01-01 00:00:00',0,'FAILED','TESTREPORT[0805201608700004][CHASSIS][SWDL][LC-1][CELL7][20160929T103406][FAILED].xml','C:workmfgdata	estreportsTESTREPORT[0805201608700004][CHASSIS][SWDL][LC-1][CELL7][20160929T103406]','TRACE[0805201608700004][CHASSIS][SWDL][LC-1][CELL7][20160929T103406].log','null','null','2008-11-16 08:44:00','0000-00-00 00:00:00'),(2147483647,'150-1001-000','S241828X6816582','null','805',7,'SWDL','LC-1','4.0.0.0','null','null','abc','PRODUCTION','CHASSIS','2029-09-16 10:41:00','2029-09-16 10:46:00','2002-01-01 00:00:00',0,'FAILED','TESTREPORT[0805201608700004][CHASSIS][SWDL][LC-1][CELL7][20160929T104153][FAILED].xml','C:workmfgdata	estreportsTESTREPORT[0805201608700004][CHASSIS][SWDL][LC-1][CELL7][20160929T104153]','TRACE[0805201608700004][CHASSIS][SWDL][LC-1][CELL7][20160929T104153].log','null','null','2008-11-16 08:44:00','0000-00-00 00:00:00'),(2147483647,'150-1001-000','S241828X6816582','null','805',7,'SWDL','LC-1','4.0.0.0','null','null','abc','PRODUCTION','CHASSIS','2029-09-16 11:32:00','2029-09-16 11:36:00','2002-01-01 00:00:00',0,'FAILED','TESTREPORT[0805201608700004][CHASSIS][SWDL][LC-1][CELL7][20160929T113219][FAILED].xml','C:workmfgdata	estreportsTESTREPORT[0805201608700004][CHASSIS][SWDL][LC-1][CELL7][20160929T113219]','TRACE[0805201608700004][CHASSIS][SWDL][LC-1][CELL7][20160929T113219].log','null','null','2008-11-16 08:45:00','0000-00-00 00:00:00'),(2147483647,'150-1001-000','S241828X6816582','null','805',7,'SWDL','LC-1','4.0.0.0','null','null','abc','PRODUCTION','CHASSIS','2029-09-16 11:42:00','2029-09-16 11:47:00','2002-01-01 00:00:00',0,'FAILED','TESTREPORT[0805201608700004][CHASSIS][SWDL][LC-1][CELL7][20160929T114239][FAILED].xml','C:workmfgdata	estreportsTESTREPORT[0805201608700004][CHASSIS][SWDL][LC-1][CELL7][20160929T114239]','TRACE[0805201608700004][CHASSIS][SWDL][LC-1][CELL7][20160929T114239].log','null','null','2008-11-16 08:45:00','0000-00-00 00:00:00'),(2147483647,'150-1001-000','S241828X6816582','null','805',7,'SWDL','LC-1','4.0.0.0','null','null','abc','PRODUCTION','CHASSIS','2029-09-16 11:50:00','2029-09-16 11:55:00','2002-01-01 00:00:00',0,'FAILED','TESTREPORT[0805201608700004][CHASSIS][SWDL][LC-1][CELL7][20160929T115043][FAILED].xml','C:workmfgdata	estreportsTESTREPORT[0805201608700004][CHASSIS][SWDL][LC-1][CELL7][20160929T115043]','TRACE[0805201608700004][CHASSIS][SWDL][LC-1][CELL7][20160929T115043].log','null','null','2008-11-16 08:45:00','0000-00-00 00:00:00'),(2147483647,'150-1001-000','S241828X6816582','null','805',7,'SWDL','LC-1','4.0.0.0','null','null','abc','PRODUCTION','CHASSIS','2029-09-16 11:56:00','2029-09-16 12:01:00','2002-01-01 00:00:00',0,'FAILED','TESTREPORT[0805201608700004][CHASSIS][SWDL][LC-1][CELL7][20160929T115641][FAILED].xml','C:workmfgdata	estreportsTESTREPORT[0805201608700004][CHASSIS][SWDL][LC-1][CELL7][20160929T115641]','TRACE[0805201608700004][CHASSIS][SWDL][LC-1][CELL7][20160929T115641].log','null','null','2008-11-16 08:45:00','0000-00-00 00:00:00'),(2147483647,'150-1001-000','S241828X6816582','null','805',7,'SWDL','LC-1','4.0.0.0','null','null','abc','PRODUCTION','CHASSIS','2029-09-16 13:10:00','2029-09-16 13:15:00','0000-00-00 00:00:00',0,'FAILED','TESTREPORT[0805201608700004][CHASSIS][SWDL][LC-1][CELL7][20160929T131043][FAILED].xml','C:workmfgdata	estreportsTESTREPORT[0805201608700004][CHASSIS][SWDL][LC-1][CELL7][20160929T131043]','TRACE[0805201608700004][CHASSIS][SWDL][LC-1][CELL7][20160929T131043].log','null','null','2008-11-16 08:45:00','0000-00-00 00:00:00'),(2147483647,'150-1001-000','S241828X6816582','null','805',7,'SWDL','LC-1','4.0.0.0','null','null','roberto','PRODUCTION','CHASSIS','2029-09-16 13:17:00','2029-09-16 13:21:00','0000-00-00 00:00:00',0,'FAILED','TESTREPORT[0805201608700004][CHASSIS][SWDL][LC-1][CELL7][20160929T131700][FAILED].xml','C:workmfgdata	estreportsTESTREPORT[0805201608700004][CHASSIS][SWDL][LC-1][CELL7][20160929T131700]','TRACE[0805201608700004][CHASSIS][SWDL][LC-1][CELL7][20160929T131700].log','null','null','2008-11-16 08:46:00','0000-00-00 00:00:00'),(2147483647,'150-1001-000','S241828X6816582','null','805',7,'SWDL','LC-1','4.0.0.0','null','null','roberto','PRODUCTION','CHASSIS','2029-09-16 16:30:00','2029-09-16 16:34:00','0000-00-00 00:00:00',0,'FAILED','TESTREPORT[0805201608700004][CHASSIS][SWDL][LC-1][CELL7][20160929T163007][FAILED].xml','C:workmfgdata	estreportsTESTREPORT[0805201608700004][CHASSIS][SWDL][LC-1][CELL7][20160929T163007]','TRACE[0805201608700004][CHASSIS][SWDL][LC-1][CELL7][20160929T163007].log','null','null','2008-11-16 08:46:00','0000-00-00 00:00:00'),(2147483647,'150-1001-000','S241828X6816582','null','805',7,'SWDL','LC-1','4.0.0.0','null','null','roberto','PRODUCTION','CHASSIS','2029-09-16 16:35:00','2029-09-16 16:39:00','0000-00-00 00:00:00',0,'FAILED','TESTREPORT[0805201608700004][CHASSIS][SWDL][LC-1][CELL7][20160929T163510][FAILED].xml','C:workmfgdata	estreportsTESTREPORT[0805201608700004][CHASSIS][SWDL][LC-1][CELL7][20160929T163510]','TRACE[0805201608700004][CHASSIS][SWDL][LC-1][CELL7][20160929T163510].log','null','null','2008-11-16 08:46:00','0000-00-00 00:00:00'),(2147483647,'150-1001-000','S241828X6816582','null','805',7,'SWDL','LC-1','4.0.0.0','null','null','roberto','PRODUCTION','CHASSIS','2029-09-16 16:58:00','2029-09-16 17:35:00','0000-00-00 00:00:00',0,'FAILED','TESTREPORT[0805201608700004][CHASSIS][SWDL][LC-1][CELL7][20160929T165830][FAILED].xml','C:workmfgdata	estreportsTESTREPORT[0805201608700004][CHASSIS][SWDL][LC-1][CELL7][20160929T165830]','TRACE[0805201608700004][CHASSIS][SWDL][LC-1][CELL7][20160929T165830].log','null','null','2008-11-16 08:46:00','0000-00-00 00:00:00'),(2147483647,'150-1001-000','S241828X6816582','null','805',7,'SWDL','LC-1','4.0.0.0','null','null','roberto','PRODUCTION','CHASSIS','2030-09-16 17:55:00','2030-09-16 18:38:00','0000-00-00 00:00:00',0,'FAILED','TESTREPORT[0805201608700004][CHASSIS][SWDL][LC-1][CELL7][20160930T175502][FAILED].xml','C:workmfgdata	estreportsTESTREPORT[0805201608700004][CHASSIS][SWDL][LC-1][CELL7][20160930T175502]','TRACE[0805201608700004][CHASSIS][SWDL][LC-1][CELL7][20160930T175502].log','null','null','2008-11-16 08:46:00','0000-00-00 00:00:00'),(2147483647,'101-0005-000','S241828X6816582','TE-815-NS1GD-AC','805',7,'LICCONF','LC-1','4.0.0.2','null','null','roberto','PRODUCTION','CHASSIS','2003-10-16 12:27:00','2003-10-16 12:27:00','2002-01-01 00:00:00',0,'FAILED','TESTREPORT[0805201608700004][CHASSIS][LICCONF][LC-1][CELL7][20161003T122729][FAILED].xml','C:workmfgdata	estreportsTESTREPORT[0805201608700004][CHASSIS][LICCONF][LC-1][CELL7][20161003T122729]','TRACE[0805201608700004][CHASSIS][LICCONF][LC-1][CELL7][20161003T122729].log','null','null','2008-11-16 08:40:00','0000-00-00 00:00:00'),(2147483647,'101-0005-000','S241828X6816582','TE-815-NS1GD-AC','805',7,'LICCONF','LC-1','4.0.0.2','null','null','roberto','PRODUCTION','CHASSIS','2003-10-16 13:58:00','2003-10-16 13:59:00','0000-00-00 00:00:00',0,'PASSED','TESTREPORT[0805201608700004][CHASSIS][LICCONF][LC-1][CELL7][20161003T135848][PASSED].xml','C:workmfgdata	estreportsTESTREPORT[0805201608700004][CHASSIS][LICCONF][LC-1][CELL7][20161003T135848]','TRACE[0805201608700004][CHASSIS][LICCONF][LC-1][CELL7][20161003T135848].log','null','null','2008-11-16 08:41:00','0000-00-00 00:00:00'),(2147483647,'101-0005-000','S241828X6816582','TE-815-NS1GD-AC','805',7,'LICCONF','LC-1','4.0.0.2','null','null','roberto','PRODUCTION','CHASSIS','2003-10-16 14:15:00','2003-10-16 14:16:00','0000-00-00 00:00:00',0,'FAILED','TESTREPORT[0805201608700004][CHASSIS][LICCONF][LC-1][CELL7][20161003T141551][FAILED].xml','C:workmfgdata	estreportsTESTREPORT[0805201608700004][CHASSIS][LICCONF][LC-1][CELL7][20161003T141551]','TRACE[0805201608700004][CHASSIS][LICCONF][LC-1][CELL7][20161003T141551].log','null','null','2008-11-16 08:41:00','0000-00-00 00:00:00'),(2147483647,'101-0005-000','S241828X6816582','TE-815-NS1GD-AC','805',7,'LICCONF','LC-1','4.0.0.2','null','null','Roberto','PRODUCTION','CHASSIS','2003-10-16 14:28:00','2003-10-16 14:28:00','0000-00-00 00:00:00',0,'FAILED','TESTREPORT[0805201608700004][CHASSIS][LICCONF][LC-1][CELL7][20161003T142825][FAILED].xml','C:workmfgdata	estreportsTESTREPORT[0805201608700004][CHASSIS][LICCONF][LC-1][CELL7][20161003T142825]','TRACE[0805201608700004][CHASSIS][LICCONF][LC-1][CELL7][20161003T142825].log','null','null','2008-11-16 08:41:00','0000-00-00 00:00:00'),(2147483647,'101-0005-000','S241828X6816582','TE-815-NS1GD-AC','805',7,'LICCONF','LC-1','4.0.0.2','null','null','Roberto','PRODUCTION','CHASSIS','2003-10-16 15:17:00','2003-10-16 15:25:00','0000-00-00 00:00:00',0,'FAILED','TESTREPORT[0805201608700004][CHASSIS][LICCONF][LC-1][CELL7][20161003T151704][FAILED].xml','C:workmfgdata	estreportsTESTREPORT[0805201608700004][CHASSIS][LICCONF][LC-1][CELL7][20161003T151704]','TRACE[0805201608700004][CHASSIS][LICCONF][LC-1][CELL7][20161003T151704].log','null','null','2008-11-16 08:41:00','0000-00-00 00:00:00'),(2147483647,'101-0005-000','S241828X6816582','TE-815-NS1GD-AC','805',7,'LICCONF','LC-1','4.0.0.2','null','null','Roberto','PRODUCTION','CHASSIS','2004-10-16 12:29:00','2004-10-16 12:37:00','2002-01-01 00:00:00',0,'FAILED','TESTREPORT[0805201608700004][CHASSIS][LICCONF][LC-1][CELL7][20161004T122925][FAILED].xml','C:workmfgdata	estreportsTESTREPORT[0805201608700004][CHASSIS][LICCONF][LC-1][CELL7][20161004T122925]','TRACE[0805201608700004][CHASSIS][LICCONF][LC-1][CELL7][20161004T122925].log','null','null','2008-11-16 08:41:00','0000-00-00 00:00:00'),(2147483647,'101-0005-000','S241828X6816582','TE-815-NS1GD-AC','805',1,'LICCONF','LC-2','4.0.0.2','null','null','Roberto','PRODUCTION','CHASSIS','2004-10-16 14:33:00','2004-10-16 14:41:00','0000-00-00 00:00:00',0,'FAILED','TESTREPORT[0805201608700004][CHASSIS][LICCONF][LC-2][CELL1][20161004T143301][FAILED].xml','C:workmfgdata	estreportsTESTREPORT[0805201608700004][CHASSIS][LICCONF][LC-2][CELL1][20161004T143301]','TRACE[0805201608700004][CHASSIS][LICCONF][LC-2][CELL1][20161004T143301].log','null','null','2008-11-16 08:44:00','0000-00-00 00:00:00'),(2147483647,'150-1001-000','S241828X6816582','null','805',7,'SWDL','LC-1','4.0.0.0','null','null','Roberto','PRODUCTION','CHASSIS','2010-10-16 15:07:00','2010-10-16 15:50:00','0000-00-00 00:00:00',0,'PASSED','TESTREPORT[0805201608700004][CHASSIS][SWDL][LC-1][CELL7][20161010T150752][PASSED].xml','C:workmfgdata	estreportsTESTREPORT[0805201608700004][CHASSIS][SWDL][LC-1][CELL7][20161010T150752]','TRACE[0805201608700004][CHASSIS][SWDL][LC-1][CELL7][20161010T150752].log','null','null','2008-11-16 08:47:00','0000-00-00 00:00:00'),(2147483647,'150-1001-000','S241828X6816582','TE-825-NS1-AC','805',7,'LICCONF','LC-1','4.0.0.2','null','null','TIN','PRODUCTION','CHASSIS','2017-10-16 13:25:00','2017-10-16 13:25:00','0000-00-00 00:00:00',0,'FAILED','TESTREPORT[0805201608700004][CHASSIS][LICCONF][LC-1][CELL7][20161017T132509][FAILED].xml','C:workmfgdata	estreportsTESTREPORT[0805201608700004][CHASSIS][LICCONF][LC-1][CELL7][20161017T132509]','TRACE[0805201608700004][CHASSIS][LICCONF][LC-1][CELL7][20161017T132509].log','null','null','2008-11-16 08:42:00','0000-00-00 00:00:00'),(2147483647,'150-1001-000','S241828X6816582','TE-825-NS1-AC','805',7,'LICCONF','LC-1','4.0.0.2','null','null','TIN','PRODUCTION','CHASSIS','2017-10-16 13:26:00','2017-10-16 13:26:00','0000-00-00 00:00:00',0,'FAILED','TESTREPORT[0805201608700004][CHASSIS][LICCONF][LC-1][CELL7][20161017T132604][FAILED].xml','C:workmfgdata	estreportsTESTREPORT[0805201608700004][CHASSIS][LICCONF][LC-1][CELL7][20161017T132604]','TRACE[0805201608700004][CHASSIS][LICCONF][LC-1][CELL7][20161017T132604].log','null','null','2008-11-16 08:42:00','0000-00-00 00:00:00'),(2147483647,'150-1001-000','S241828X6816582','TE-825-NS1-AC','805',7,'LICCONF','LC-1','4.0.0.2','null','null','TIN','PRODUCTION','CHASSIS','2017-10-16 13:59:00','2017-10-16 13:59:00','0000-00-00 00:00:00',0,'FAILED','TESTREPORT[0805201608700004][CHASSIS][LICCONF][LC-1][CELL7][20161017T135929][FAILED].xml','C:workmfgdata	estreportsTESTREPORT[0805201608700004][CHASSIS][LICCONF][LC-1][CELL7][20161017T135929]','TRACE[0805201608700004][CHASSIS][LICCONF][LC-1][CELL7][20161017T135929].log','null','null','2008-11-16 08:42:00','0000-00-00 00:00:00'),(2147483647,'150-1001-000','S241828X6816582','TE-825-NS1-AC','805',7,'LICCONF','LC-1','4.0.0.2','null','null','TIN','PRODUCTION','CHASSIS','2017-10-16 14:37:00','2017-10-16 14:46:00','0000-00-00 00:00:00',0,'FAILED','TESTREPORT[0805201608700004][CHASSIS][LICCONF][LC-1][CELL7][20161017T143712][FAILED].xml','C:workmfgdata	estreportsTESTREPORT[0805201608700004][CHASSIS][LICCONF][LC-1][CELL7][20161017T143712]','TRACE[0805201608700004][CHASSIS][LICCONF][LC-1][CELL7][20161017T143712].log','null','null','2008-11-16 08:42:00','0000-00-00 00:00:00'),(2147483647,'150-1001-000','S241828X6816582','TE-825-NS1-AC','805',7,'LICCONF','LC-1','4.0.0.2','null','null','TIN','PRODUCTION','CHASSIS','2017-10-16 15:11:00','2017-10-16 15:18:00','0000-00-00 00:00:00',0,'FAILED','TESTREPORT[0805201608700004][CHASSIS][LICCONF][LC-1][CELL7][20161017T151103][FAILED].xml','C:workmfgdata	estreportsTESTREPORT[0805201608700004][CHASSIS][LICCONF][LC-1][CELL7][20161017T151103]','TRACE[0805201608700004][CHASSIS][LICCONF][LC-1][CELL7][20161017T151103].log','null','null','2008-11-16 08:42:00','0000-00-00 00:00:00'),(2147483647,'150-1001-000','S241828X6816582','TE-825-NS1-AC','805',7,'LICCONF','LC-1','4.0.0.2','null','null','TIN','PRODUCTION','CHASSIS','2017-10-16 15:22:00','2017-10-16 15:31:00','0000-00-00 00:00:00',0,'FAILED','TESTREPORT[0805201608700004][CHASSIS][LICCONF][LC-1][CELL7][20161017T152218][FAILED].xml','C:workmfgdata	estreportsTESTREPORT[0805201608700004][CHASSIS][LICCONF][LC-1][CELL7][20161017T152218]','TRACE[0805201608700004][CHASSIS][LICCONF][LC-1][CELL7][20161017T152218].log','null','null','2008-11-16 08:43:00','0000-00-00 00:00:00'),(2147483647,'150-1001-000','S241828X6816582','TE-825-NS1-AC','805',7,'LICCONF','LC-1','4.0.0.2','null','null','TIN','PRODUCTION','CHASSIS','2017-10-16 15:38:00','2017-10-16 15:38:00','0000-00-00 00:00:00',0,'ERROR','TESTREPORT[0805201608700004][CHASSIS][LICCONF][LC-1][CELL7][20161017T153816][ERROR].xml','C:workmfgdata	estreportsTESTREPORT[0805201608700004][CHASSIS][LICCONF][LC-1][CELL7][20161017T153816]','TRACE[0805201608700004][CHASSIS][LICCONF][LC-1][CELL7][20161017T153816].log','null','null','2008-11-16 08:43:00','0000-00-00 00:00:00'),(2147483647,'150-1001-000','S241828X6816582','TE-825-NS1-AC','805',7,'LICCONF','LC-1','4.0.0.2','null','null','TIN','PRODUCTION','CHASSIS','2017-10-16 15:40:00','2017-10-16 15:49:00','0000-00-00 00:00:00',0,'FAILED','TESTREPORT[0805201608700004][CHASSIS][LICCONF][LC-1][CELL7][20161017T154045][FAILED].xml','C:workmfgdata	estreportsTESTREPORT[0805201608700004][CHASSIS][LICCONF][LC-1][CELL7][20161017T154045]','TRACE[0805201608700004][CHASSIS][LICCONF][LC-1][CELL7][20161017T154045].log','null','null','2008-11-16 08:43:00','0000-00-00 00:00:00'),(2147483647,'150-1001-000','S241828X6816582','TE-825-NS1-AC','805',7,'LICCONF','LC-1','4.0.0.2','null','null','TIN','PRODUCTION','CHASSIS','2017-10-16 17:26:00','2017-10-16 17:36:00','0000-00-00 00:00:00',0,'PASSED','TESTREPORT[0805201608700004][CHASSIS][LICCONF][LC-1][CELL7][20161017T172631][PASSED].xml','C:workmfgdata	estreportsTESTREPORT[0805201608700004][CHASSIS][LICCONF][LC-1][CELL7][20161017T172631]','TRACE[0805201608700004][CHASSIS][LICCONF][LC-1][CELL7][20161017T172631].log','null','null','2008-11-16 08:43:00','0000-00-00 00:00:00'),(2147483647,'150-1001-000','S241828X6816582','TE-825-NS1-AC','805',7,'LICCONF','LC-1','4.0.0.2','null','null','TIN','PRODUCTION','CHASSIS','2017-10-16 18:30:00','2017-10-16 18:40:00','0000-00-00 00:00:00',0,'PASSED','TESTREPORT[0805201608700004][CHASSIS][LICCONF][LC-1][CELL7][20161017T183019][PASSED].xml','C:workmfgdata	estreportsTESTREPORT[0805201608700004][CHASSIS][LICCONF][LC-1][CELL7][20161017T183019]','TRACE[0805201608700004][CHASSIS][LICCONF][LC-1][CELL7][20161017T183019].log','null','null','2008-11-16 08:43:00','0000-00-00 00:00:00'),(2147483647,'150-1001-000','S241828X6816583','TE-825-NS1DTCGD-AC','805',9,'LICCONF','LC-1','4.0.0.2','null','null','Roberto','PRODUCTION','CHASSIS','2028-10-16 11:13:00','2028-10-16 11:13:00','2002-01-01 00:00:00',0,'FAILED','TESTREPORT[0805201608700005][CHASSIS][LICCONF][LC-1][CELL9][20161028T111329][FAILED].xml','C:workmfgdata	estreportsTESTREPORT[0805201608700005][CHASSIS][LICCONF][LC-1][CELL9][20161028T111329]','TRACE[0805201608700005][CHASSIS][LICCONF][LC-1][CELL9][20161028T111329].log','null','null','2008-11-16 08:47:00','0000-00-00 00:00:00'),(2147483647,'150-1001-000','S241828X6816583','TE-825-NS1DTCGD-AC','805',9,'LICCONF','LC-1','4.0.0.2','null','null','Roberto','PRODUCTION','CHASSIS','2028-10-16 12:15:00','2028-10-16 12:26:00','2002-01-01 00:00:00',0,'PASSED','TESTREPORT[0805201608700005][CHASSIS][LICCONF][LC-1][CELL9][20161028T121539][PASSED].xml','C:workmfgdata	estreportsTESTREPORT[0805201608700005][CHASSIS][LICCONF][LC-1][CELL9][20161028T121539]','TRACE[0805201608700005][CHASSIS][LICCONF][LC-1][CELL9][20161028T121539].log','null','null','2008-11-16 08:47:00','0000-00-00 00:00:00'),(2147483647,'150-1002-000','S241859X6907123','TR-805-2GB-AC','805',1,'LICCONF','LC-1','4.0.0.2','null','null','Roberto','PRODUCTION','CHASSIS','2027-10-16 15:28:00','2027-10-16 15:37:00','0000-00-00 00:00:00',0,'PASSED','TESTREPORT[0805201609700005][CHASSIS][LICCONF][LC-1][CELL1][20161027T152858][PASSED].xml','C:workmfgdata	estreportsTESTREPORT[0805201609700005][CHASSIS][LICCONF][LC-1][CELL1][20161027T152858]','TRACE[0805201609700005][CHASSIS][LICCONF][LC-1][CELL1][20161027T152858].log','null','null','2008-11-16 08:47:00','0000-00-00 00:00:00'),(2147483647,'150-1001-000','S241828X6926422','TE-805-OSS-AC','805',1,'LICCONF','LC-1','4.0.0.2','null','null','Roberto','PRODUCTION','CHASSIS','2027-10-16 13:20:00','2027-10-16 13:30:00','0000-00-00 00:00:00',0,'PASSED','TESTREPORT[0805201609700007][CHASSIS][LICCONF][LC-1][CELL1][20161027T132048][PASSED].xml','C:workmfgdata	estreportsTESTREPORT[0805201609700007][CHASSIS][LICCONF][LC-1][CELL1][20161027T132048]','TRACE[0805201609700007][CHASSIS][LICCONF][LC-1][CELL1][20161027T132048].log','null','null','2008-11-16 08:47:00','0000-00-00 00:00:00'),(2147483647,'150-1001-000','S241828X6926423','TE-805-BASE-AC','805',2,'LICCONF','LC-1','4.0.0.2','null','null','Roberto','PRODUCTION','CHASSIS','2027-10-16 13:43:00','2027-10-16 13:53:00','0000-00-00 00:00:00',0,'PASSED','TESTREPORT[0805201609700008][CHASSIS][LICCONF][LC-1][CELL2][20161027T134350][PASSED].xml','C:workmfgdata	estreportsTESTREPORT[0805201609700008][CHASSIS][LICCONF][LC-1][CELL2][20161027T134350]','TRACE[0805201609700008][CHASSIS][LICCONF][LC-1][CELL2][20161027T134350].log','null','null','2008-11-16 08:48:00','0000-00-00 00:00:00'),(2147483647,'150-1001-000','S241828X6926424','TE-805-BASE-AC','805',3,'LICCONF','LC-1','4.0.0.2','null','null','Roberto','PRODUCTION','CHASSIS','2027-10-16 13:44:00','2027-10-16 13:54:00','0000-00-00 00:00:00',0,'PASSED','TESTREPORT[0805201609700009][CHASSIS][LICCONF][LC-1][CELL3][20161027T134441][PASSED].xml','C:workmfgdata	estreportsTESTREPORT[0805201609700009][CHASSIS][LICCONF][LC-1][CELL3][20161027T134441]','TRACE[0805201609700009][CHASSIS][LICCONF][LC-1][CELL3][20161027T134441].log','null','null','2008-11-16 08:48:00','0000-00-00 00:00:00'),(2147483647,'150-1001-000','S241828X6926427','TE-825-NS1-AC','805',8,'LICCONF','LC-1','4.0.0.2','null','null','TIN','PRODUCTION','CHASSIS','2017-10-16 13:25:00','2017-10-16 13:25:00','0000-00-00 00:00:00',0,'FAILED','TESTREPORT[0805201609700012][CHASSIS][LICCONF][LC-1][CELL8][20161017T132525][FAILED].xml','C:workmfgdata	estreportsTESTREPORT[0805201609700012][CHASSIS][LICCONF][LC-1][CELL8][20161017T132525]','TRACE[0805201609700012][CHASSIS][LICCONF][LC-1][CELL8][20161017T132525].log','null','null','2008-11-16 08:48:00','0000-00-00 00:00:00'),(2147483647,'150-1001-000','S241828X6926427','TE-825-NS1-AC','805',8,'LICCONF','LC-1','4.0.0.2','null','null','TIN','PRODUCTION','CHASSIS','2017-10-16 14:38:00','2017-10-16 14:48:00','0000-00-00 00:00:00',0,'FAILED','TESTREPORT[0805201609700012][CHASSIS][LICCONF][LC-1][CELL8][20161017T143837][FAILED].xml','C:workmfgdata	estreportsTESTREPORT[0805201609700012][CHASSIS][LICCONF][LC-1][CELL8][20161017T143837]','TRACE[0805201609700012][CHASSIS][LICCONF][LC-1][CELL8][20161017T143837].log','null','null','2008-11-16 08:48:00','0000-00-00 00:00:00'),(2147483647,'150-1001-000','S241828X6926427','TE-825-NS1-AC','805',7,'LICCONF','LC-1','4.0.0.2','null','null','TIN','PRODUCTION','CHASSIS','2017-10-16 15:04:00','2017-10-16 15:09:00','0000-00-00 00:00:00',0,'FAILED','TESTREPORT[0805201609700012][CHASSIS][LICCONF][LC-1][CELL7][20161017T150401][FAILED].xml','C:workmfgdata	estreportsTESTREPORT[0805201609700012][CHASSIS][LICCONF][LC-1][CELL7][20161017T150401]','TRACE[0805201609700012][CHASSIS][LICCONF][LC-1][CELL7][20161017T150401].log','null','null','2008-11-16 08:48:00','0000-00-00 00:00:00'),(2147483647,'150-1001-000','S241828X6926427','TE-825-NS1-AC','805',8,'LICCONF','LC-1','4.0.0.2','null','null','TIN','PRODUCTION','CHASSIS','2017-10-16 18:30:00','2017-10-16 18:40:00','0000-00-00 00:00:00',0,'PASSED','TESTREPORT[0805201609700012][CHASSIS][LICCONF][LC-1][CELL8][20161017T183045][PASSED].xml','C:workmfgdata	estreportsTESTREPORT[0805201609700012][CHASSIS][LICCONF][LC-1][CELL8][20161017T183045]','TRACE[0805201609700012][CHASSIS][LICCONF][LC-1][CELL8][20161017T183045].log','null','null','2008-11-16 08:49:00','0000-00-00 00:00:00'),(2147483647,'150-1002-000','S254996X6A23566','TR-805-HW-G-AC','805',1,'LICCONF','LC-1','4.0.0.2','null','null','Roberto','PRODUCTION','CHASSIS','2031-10-16 15:26:00','2031-10-16 15:35:00','0000-00-00 00:00:00',0,'PASSED','TESTREPORT[0805201610700013][CHASSIS][LICCONF][LC-1][CELL1][20161031T152635][PASSED].xml','C:workmfgdata	estreportsTESTREPORT[0805201610700013][CHASSIS][LICCONF][LC-1][CELL1][20161031T152635]','TRACE[0805201610700013][CHASSIS][LICCONF][LC-1][CELL1][20161031T152635].log','null','null','2008-11-16 08:49:00','0000-00-00 00:00:00'),(2147483647,'150-1004-000','S245741X6816578','null','1405',10,'SWDL','LC-1','4.0.0.0','null','null','roberto','PRODUCTION','CHASSIS','2029-09-16 19:21:00','2029-09-16 19:25:00','0000-00-00 00:00:00',0,'TERMIN','TESTREPORT[1405201608700012][CHASSIS][SWDL][LC-1][CELL10][20160929T192101][TERMINATED].xml','C:workmfgdata	estreportsTESTREPORT[1405201608700012][CHASSIS][SWDL][LC-1][CELL10][20160929T192101]','TRACE[1405201608700012][CHASSIS][SWDL][LC-1][CELL10][20160929T192101].log','null','null','2008-11-16 09:03:00','0000-00-00 00:00:00'),(2147483647,'150-1004-000','S245741X6816578','null','1405',10,'SWDL','LC-1','4.0.0.0','null','null','roberto','PRODUCTION','CHASSIS','2029-09-16 19:25:00','2029-09-16 19:27:00','0000-00-00 00:00:00',0,'TERMIN','TESTREPORT[1405201608700012][CHASSIS][SWDL][LC-1][CELL10][20160929T192546][TERMINATED].xml','C:workmfgdata	estreportsTESTREPORT[1405201608700012][CHASSIS][SWDL][LC-1][CELL10][20160929T192546]','TRACE[1405201608700012][CHASSIS][SWDL][LC-1][CELL10][20160929T192546].log','null','null','2008-11-16 09:03:00','0000-00-00 00:00:00'),(2147483647,'150-1004-000','S245741X6816578','null','1405',10,'SWDL','LC-1','4.0.0.0','null','null','roberto','PRODUCTION','CHASSIS','2029-09-16 19:29:00','2029-09-16 19:33:00','0000-00-00 00:00:00',0,'FAILED','TESTREPORT[1405201608700012][CHASSIS][SWDL][LC-1][CELL10][20160929T192911][FAILED].xml','C:workmfgdata	estreportsTESTREPORT[1405201608700012][CHASSIS][SWDL][LC-1][CELL10][20160929T192911]','TRACE[1405201608700012][CHASSIS][SWDL][LC-1][CELL10][20160929T192911].log','null','null','2008-11-16 09:03:00','0000-00-00 00:00:00'),(2147483647,'150-1004-000','S245741X6816578','null','1405',10,'SWDL','LC-1','4.0.0.0','null','null','roberto','PRODUCTION','CHASSIS','2029-09-16 19:39:00','2029-09-16 19:42:00','0000-00-00 00:00:00',0,'TERMIN','TESTREPORT[1405201608700012][CHASSIS][SWDL][LC-1][CELL10][20160929T193912][TERMINATED].xml','C:workmfgdata	estreportsTESTREPORT[1405201608700012][CHASSIS][SWDL][LC-1][CELL10][20160929T193912]','TRACE[1405201608700012][CHASSIS][SWDL][LC-1][CELL10][20160929T193912].log','null','null','2008-11-16 09:03:00','0000-00-00 00:00:00'),(2147483647,'150-1004-000','S245741X6816578','null','1405',10,'SWDL','LC-1','4.0.0.0','null','null','roberto','PRODUCTION','CHASSIS','2029-09-16 19:44:00','2029-09-16 19:49:00','0000-00-00 00:00:00',0,'FAILED','TESTREPORT[1405201608700012][CHASSIS][SWDL][LC-1][CELL10][20160929T194452][FAILED].xml','C:workmfgdata	estreportsTESTREPORT[1405201608700012][CHASSIS][SWDL][LC-1][CELL10][20160929T194452]','TRACE[1405201608700012][CHASSIS][SWDL][LC-1][CELL10][20160929T194452].log','null','null','2008-11-16 09:04:00','0000-00-00 00:00:00'),(2147483647,'150-1004-000','S245741X6816578','null','1405',10,'SWDL','LC-1','4.0.0.0','null','null','roberto','PRODUCTION','CHASSIS','2030-09-16 10:36:00','2030-09-16 11:22:00','2002-01-01 00:00:00',0,'FAILED','TESTREPORT[1405201608700012][CHASSIS][SWDL][LC-1][CELL10][20160930T103616][FAILED].xml','C:workmfgdata	estreportsTESTREPORT[1405201608700012][CHASSIS][SWDL][LC-1][CELL10][20160930T103616]','TRACE[1405201608700012][CHASSIS][SWDL][LC-1][CELL10][20160930T103616].log','null','null','2008-11-16 09:04:00','0000-00-00 00:00:00'),(2147483647,'150-1004-000','S245741X6816578','null','1405',10,'SWDL','LC-1','4.0.0.0','null','null','roberto','PRODUCTION','CHASSIS','2030-09-16 17:55:00','2030-09-16 18:41:00','0000-00-00 00:00:00',0,'FAILED','TESTREPORT[1405201608700012][CHASSIS][SWDL][LC-1][CELL10][20160930T175548][FAILED].xml','C:workmfgdata	estreportsTESTREPORT[1405201608700012][CHASSIS][SWDL][LC-1][CELL10][20160930T175548]','TRACE[1405201608700012][CHASSIS][SWDL][LC-1][CELL10][20160930T175548].log','null','null','2008-11-16 09:04:00','0000-00-00 00:00:00'),(2147483647,'101-0023-000','S245741X6816578','PT-1405-1GE-ADNSGD-AC','1405',10,'LICCONF','LC-1','4.0.0.2','null','null','roberto','PRODUCTION','CHASSIS','2003-10-16 14:03:00','2003-10-16 14:03:00','0000-00-00 00:00:00',0,'FAILED','TESTREPORT[1405201608700012][CHASSIS][LICCONF][LC-1][CELL10][20161003T140305][FAILED].xml','C:workmfgdata	estreportsTESTREPORT[1405201608700012][CHASSIS][LICCONF][LC-1][CELL10][20161003T140305]','TRACE[1405201608700012][CHASSIS][LICCONF][LC-1][CELL10][20161003T140305].log','null','null','2008-11-16 09:02:00','0000-00-00 00:00:00'),(2147483647,'101-0009-000','S245741X6816578','TE-1425-NS1GD-AC','1405',10,'LICCONF','LC-1','4.0.0.2','null','null','Roberto','PRODUCTION','CHASSIS','2003-10-16 15:31:00','2003-10-16 15:34:00','0000-00-00 00:00:00',0,'TERMIN','TESTREPORT[1405201608700012][CHASSIS][LICCONF][LC-1][CELL10][20161003T153144][TERMINATED].xml','C:workmfgdata	estreportsTESTREPORT[1405201608700012][CHASSIS][LICCONF][LC-1][CELL10][20161003T153144]','TRACE[1405201608700012][CHASSIS][LICCONF][LC-1][CELL10][20161003T153144].log','null','null','2008-11-16 09:02:00','0000-00-00 00:00:00'),(2147483647,'101-0023-000','S245741X6816578','PT-1405-1GE-ADNSGD-AC','1405',10,'LICCONF','LC-1','4.0.0.2','null','null','Roberto','PRODUCTION','CHASSIS','2003-10-16 15:44:00','2003-10-16 15:56:00','0000-00-00 00:00:00',0,'FAILED','TESTREPORT[1405201608700012][CHASSIS][LICCONF][LC-1][CELL10][20161003T154458][FAILED].xml','C:workmfgdata	estreportsTESTREPORT[1405201608700012][CHASSIS][LICCONF][LC-1][CELL10][20161003T154458]','TRACE[1405201608700012][CHASSIS][LICCONF][LC-1][CELL10][20161003T154458].log','null','null','2008-11-16 09:02:00','0000-00-00 00:00:00'),(2147483647,'101-0023-000','S245741X6816578','PT-1405-1GE-ADNSGD-AC','1405',10,'LICCONF','LC-1','4.0.0.2','null','null','Roberto','PRODUCTION','CHASSIS','2004-10-16 12:32:00','2004-10-16 12:43:00','2002-01-01 00:00:00',0,'FAILED','TESTREPORT[1405201608700012][CHASSIS][LICCONF][LC-1][CELL10][20161004T123217][FAILED].xml','C:workmfgdata	estreportsTESTREPORT[1405201608700012][CHASSIS][LICCONF][LC-1][CELL10][20161004T123217]','TRACE[1405201608700012][CHASSIS][LICCONF][LC-1][CELL10][20161004T123217].log','null','null','2008-11-16 09:02:00','0000-00-00 00:00:00'),(2147483647,'101-0007-000','S245741X6816578','TE-1415-NS1GD-AC','1405',10,'LICCONF','LC-1','4.0.0.2','null','null','Roberto','PRODUCTION','CHASSIS','2004-10-16 13:52:00','2004-10-16 13:58:00','0000-00-00 00:00:00',0,'FAILED','TESTREPORT[1405201608700012][CHASSIS][LICCONF][LC-1][CELL10][20161004T135246][FAILED].xml','C:workmfgdata	estreportsTESTREPORT[1405201608700012][CHASSIS][LICCONF][LC-1][CELL10][20161004T135246]','TRACE[1405201608700012][CHASSIS][LICCONF][LC-1][CELL10][20161004T135246].log','null','null','2008-11-16 09:03:00','0000-00-00 00:00:00'),(2147483647,'150-1004-000','S245741X6816578','null','1405',10,'SWDL','LC-1','4.0.0.0','null','null','Roberto','PRODUCTION','CHASSIS','2004-10-16 15:55:00','2004-10-16 16:42:00','0000-00-00 00:00:00',0,'FAILED','TESTREPORT[1405201608700012][CHASSIS][SWDL][LC-1][CELL10][20161004T155555][FAILED].xml','C:workmfgdata	estreportsTESTREPORT[1405201608700012][CHASSIS][SWDL][LC-1][CELL10][20161004T155555]','TRACE[1405201608700012][CHASSIS][SWDL][LC-1][CELL10][20161004T155555].log','null','null','2008-11-16 09:04:00','0000-00-00 00:00:00'),(2147483647,'150-1004-000','S245741X6816578','null','1405',10,'SWDL','LC-1','4.0.0.0','null','null','Roberto','PRODUCTION','CHASSIS','2005-10-16 10:26:00','2005-10-16 11:06:00','2002-01-01 00:00:00',0,'PASSED','TESTREPORT[1405201608700012][CHASSIS][SWDL][LC-1][CELL10][20161005T102620][PASSED].xml','C:workmfgdata	estreportsTESTREPORT[1405201608700012][CHASSIS][SWDL][LC-1][CELL10][20161005T102620]','TRACE[1405201608700012][CHASSIS][SWDL][LC-1][CELL10][20161005T102620].log','null','null','2008-11-16 09:04:00','0000-00-00 00:00:00'),(2147483647,'101-0023-000','S245741X6816578','PT-1405-1GE-ADNSGD-AC','1405',10,'CTO','LC-1','4.0.0.2','null','null','Roberto','PRODUCTION','CHASSIS','2005-10-16 15:53:00','2005-10-16 16:32:00','0000-00-00 00:00:00',0,'FAILED','TESTREPORT[1405201608700012][CHASSIS][CTO][LC-1][CELL10][20161005T155323][FAILED].xml','C:workmfgdata	estreportsTESTREPORT[1405201608700012][CHASSIS][CTO][LC-1][CELL10][20161005T155323]','TRACE[1405201608700012][CHASSIS][CTO][LC-1][CELL10][20161005T155323].log','null','null','2008-11-16 08:59:00','0000-00-00 00:00:00'),(2147483647,'101-0023-000','S245741X6816578','PT-1405-1GE-ADNSGD-AC','1405',4,'CTO','LC-2','4.0.0.2','null','null','Roberto','PRODUCTION','CHASSIS','2005-10-16 17:41:00','2005-10-16 18:26:00','0000-00-00 00:00:00',0,'FAILED','TESTREPORT[1405201608700012][CHASSIS][CTO][LC-2][CELL4][20161005T174133][FAILED].xml','C:workmfgdata	estreportsTESTREPORT[1405201608700012][CHASSIS][CTO][LC-2][CELL4][20161005T174133]','TRACE[1405201608700012][CHASSIS][CTO][LC-2][CELL4][20161005T174133].log','null','null','2008-11-16 09:00:00','0000-00-00 00:00:00'),(2147483647,'101-0024-000','S245741X6816578','PT-1405-1GE-ADNSGD-DC','1405',9,'CTO','LC-2','4.0.0.2','null','null','Roberto','PRODUCTION','CHASSIS','2010-10-16 17:19:00','2010-10-16 18:06:00','0000-00-00 00:00:00',0,'FAILED','TESTREPORT[1405201608700012][CHASSIS][CTO][LC-2][CELL9][20161010T171908][FAILED].xml','C:workmfgdata	estreportsTESTREPORT[1405201608700012][CHASSIS][CTO][LC-2][CELL9][20161010T171908]','TRACE[1405201608700012][CHASSIS][CTO][LC-2][CELL9][20161010T171908].log','null','null','2008-11-16 09:00:00','0000-00-00 00:00:00'),(2147483647,'101-0024-000','S245741X6816578','PT-1405-1GE-ADNSGD-DC','1405',9,'CTO','LC-2','4.0.0.2','null','null','Roberto','PRODUCTION','CHASSIS','2010-10-16 23:15:00','2011-10-16 00:04:00','0000-00-00 00:00:00',0,'FAILED','TESTREPORT[1405201608700012][CHASSIS][CTO][LC-2][CELL9][20161010T231509][FAILED].xml','C:workmfgdata	estreportsTESTREPORT[1405201608700012][CHASSIS][CTO][LC-2][CELL9][20161010T231509]','TRACE[1405201608700012][CHASSIS][CTO][LC-2][CELL9][20161010T231509].log','null','null','2008-11-16 09:01:00','0000-00-00 00:00:00'),(2147483647,'101-0024-000','S245741X6816578','PT-1405-1GE-ADNSGD-DC','1405',9,'CTO','LC-2','4.0.0.2','null','null','Roberto','PRODUCTION','CHASSIS','2011-10-16 08:51:00','2011-10-16 09:40:00','2002-01-01 00:00:00',0,'FAILED','TESTREPORT[1405201608700012][CHASSIS][CTO][LC-2][CELL9][20161011T085132][FAILED].xml','C:workmfgdata	estreportsTESTREPORT[1405201608700012][CHASSIS][CTO][LC-2][CELL9][20161011T085132]','TRACE[1405201608700012][CHASSIS][CTO][LC-2][CELL9][20161011T085132].log','null','null','2008-11-16 09:01:00','0000-00-00 00:00:00'),(2147483647,'101-0024-000','S245741X6816578','PT-1405-1GE-ADNSGD-DC','1405',9,'CTO','LC-2','4.0.0.2','null','null','Roberto','PRODUCTION','CHASSIS','2012-10-16 14:51:00','2012-10-16 15:37:00','0000-00-00 00:00:00',0,'ERROR','TESTREPORT[1405201608700012][CHASSIS][CTO][LC-2][CELL9][20161012T145114][ERROR].xml','C:workmfgdata	estreportsTESTREPORT[1405201608700012][CHASSIS][CTO][LC-2][CELL9][20161012T145114]','TRACE[1405201608700012][CHASSIS][CTO][LC-2][CELL9][20161012T145114].log','null','null','2008-11-16 09:01:00','0000-00-00 00:00:00'),(2147483647,'101-0024-000','S245741X6816578','PT-1405-1GE-ADNSGD-DC','1405',9,'CTO','LC-2','4.0.0.2','null','null','Roberto','PRODUCTION','CHASSIS','2012-10-16 17:44:00','2012-10-16 19:03:00','0000-00-00 00:00:00',0,'FAILED','TESTREPORT[1405201608700012][CHASSIS][CTO][LC-2][CELL9][20161012T174432][FAILED].xml','C:workmfgdata	estreportsTESTREPORT[1405201608700012][CHASSIS][CTO][LC-2][CELL9][20161012T174432]','TRACE[1405201608700012][CHASSIS][CTO][LC-2][CELL9][20161012T174432].log','null','null','2008-11-16 09:01:00','0000-00-00 00:00:00'),(2147483647,'101-0024-000','S245741X6816578','PT-1405-1GE-ADNSGD-DC','1405',9,'CTO','LC-2','4.0.0.2','null','null','Roberto','PRODUCTION','CHASSIS','2013-10-16 16:55:00','2013-10-16 18:00:00','0000-00-00 00:00:00',0,'PASSED','TESTREPORT[1405201608700012][CHASSIS][CTO][LC-2][CELL9][20161013T165504][PASSED].xml','C:workmfgdata	estreportsTESTREPORT[1405201608700012][CHASSIS][CTO][LC-2][CELL9][20161013T165504]','TRACE[1405201608700012][CHASSIS][CTO][LC-2][CELL9][20161013T165504].log','null','null','2008-11-16 09:01:00','0000-00-00 00:00:00'),(2147483647,'101-0024-000','S245741X6816578','PT-1405-1GE-ADNSGD-DC','1405',9,'CTO','LC-2','4.0.0.2','null','null','Roberto','PRODUCTION','CHASSIS','2014-10-16 00:23:00','2014-10-16 01:20:00','0000-00-00 00:00:00',0,'PASSED','TESTREPORT[1405201608700012][CHASSIS][CTO][LC-2][CELL9][20161014T002345][PASSED].xml','C:workmfgdata	estreportsTESTREPORT[1405201608700012][CHASSIS][CTO][LC-2][CELL9][20161014T002345]','TRACE[1405201608700012][CHASSIS][CTO][LC-2][CELL9][20161014T002345].log','null','null','2008-11-16 09:02:00','0000-00-00 00:00:00'),(2147483647,'150-1004-000','S245741X6816578','null','1405',8,'SWDL','LC-1','4.0.0.0','null','null','Roberot','PRODUCTION','CHASSIS','2014-10-16 16:21:00','2014-10-16 17:09:00','0000-00-00 00:00:00',0,'PASSED','TESTREPORT[1405201608700012][CHASSIS][SWDL][LC-1][CELL8][20161014T162146][PASSED].xml','C:workmfgdata	estreportsTESTREPORT[1405201608700012][CHASSIS][SWDL][LC-1][CELL8][20161014T162146]','TRACE[1405201608700012][CHASSIS][SWDL][LC-1][CELL8][20161014T162146].log','null','null','2008-11-16 09:05:00','0000-00-00 00:00:00'),(2147483647,'101-0023-000','S245741X6816578','PT-1405-1GE-ADNSGD-AC','1405',1,'CTO','LC-2','4.0.0.2','null','null','Roberto','PRODUCTION','CHASSIS','2020-10-16 14:22:00','2020-10-16 14:37:00','0000-00-00 00:00:00',0,'FAILED','TESTREPORT[1405201608700012][CHASSIS][CTO][LC-2][CELL1][20161020T142245][FAILED].xml','C:workmfgdata	estreportsTESTREPORT[1405201608700012][CHASSIS][CTO][LC-2][CELL1][20161020T142245]','TRACE[1405201608700012][CHASSIS][CTO][LC-2][CELL1][20161020T142245].log','null','null','2008-11-16 09:00:00','0000-00-00 00:00:00'),(2147483647,'101-0023-000','S245741X6816578','PT-1405-1GE-ADNSGD-AC ','1405',1,'CTO','LC-2','4.0.0.2','null','null','Roberto','PRODUCTION','CHASSIS','2020-10-16 14:41:00','2020-10-16 14:41:00','0000-00-00 00:00:00',0,'ERROR','TESTREPORT[1405201608700012][CHASSIS][CTO][LC-2][CELL1][20161020T144147][ERROR].xml','C:workmfgdata	estreportsTESTREPORT[1405201608700012][CHASSIS][CTO][LC-2][CELL1][20161020T144147]','TRACE[1405201608700012][CHASSIS][CTO][LC-2][CELL1][20161020T144147].log','null','null','2008-11-16 09:00:00','0000-00-00 00:00:00'),(2147483647,'101-0023-000','S245741X6816578','PT-1405-1GE-ADNSGD-AC','1405',1,'CTO','LC-2','4.0.0.2','null','null','Roberto','PRODUCTION','CHASSIS','2020-10-16 14:50:00','2020-10-16 15:44:00','0000-00-00 00:00:00',0,'PASSED','TESTREPORT[1405201608700012][CHASSIS][CTO][LC-2][CELL1][20161020T145020][PASSED].xml','C:workmfgdata	estreportsTESTREPORT[1405201608700012][CHASSIS][CTO][LC-2][CELL1][20161020T145020]','TRACE[1405201608700012][CHASSIS][CTO][LC-2][CELL1][20161020T145020].log','null','null','2008-11-16 09:00:00','0000-00-00 00:00:00'),(2147483647,'101-0023-000','S245741X6816577','PT-1405-1GE-ADNSGD-AC','1405',8,'CTO','LC-2','4.0.0.2','null','null','Roberto','PRODUCTION','CHASSIS','2010-10-16 13:09:00','2010-10-16 13:14:00','0000-00-00 00:00:00',0,'FAILED','TESTREPORT[1405201608700013][CHASSIS][CTO][LC-2][CELL8][20161010T130943][FAILED].xml','C:workmfgdata	estreportsTESTREPORT[1405201608700013][CHASSIS][CTO][LC-2][CELL8][20161010T130943]','TRACE[1405201608700013][CHASSIS][CTO][LC-2][CELL8][20161010T130943].log','null','null','2008-11-16 09:05:00','0000-00-00 00:00:00'),(2147483647,'101-0023-000','S245741X6816577','PT-1405-1GE-ADNSGD-AC','1405',8,'CTO','LC-2','4.0.0.2','null','null','Roberto','PRODUCTION','CHASSIS','2010-10-16 13:33:00','2010-10-16 13:38:00','0000-00-00 00:00:00',0,'FAILED','TESTREPORT[1405201608700013][CHASSIS][CTO][LC-2][CELL8][20161010T133346][FAILED].xml','C:workmfgdata	estreportsTESTREPORT[1405201608700013][CHASSIS][CTO][LC-2][CELL8][20161010T133346]','TRACE[1405201608700013][CHASSIS][CTO][LC-2][CELL8][20161010T133346].log','null','null','2008-11-16 09:05:00','0000-00-00 00:00:00'),(2147483647,'101-0023-000','S245741X6816577','PT-1405-1GE-ADNSGD-AC','1405',8,'CTO','LC-2','4.0.0.2','null','null','Roberto','PRODUCTION','CHASSIS','2010-10-16 13:39:00','2010-10-16 14:25:00','0000-00-00 00:00:00',0,'FAILED','TESTREPORT[1405201608700013][CHASSIS][CTO][LC-2][CELL8][20161010T133903][FAILED].xml','C:workmfgdata	estreportsTESTREPORT[1405201608700013][CHASSIS][CTO][LC-2][CELL8][20161010T133903]','TRACE[1405201608700013][CHASSIS][CTO][LC-2][CELL8][20161010T133903].log','null','null','2008-11-16 09:05:00','0000-00-00 00:00:00'),(2147483647,'101-0023-000','S245741X6816577','PT-1405-1GE-ADNSGD-AC','1405',8,'CTO','LC-2','4.0.0.2','null','null','Roberto','PRODUCTION','CHASSIS','2010-10-16 17:16:00','2010-10-16 17:56:00','0000-00-00 00:00:00',0,'FAILED','TESTREPORT[1405201608700013][CHASSIS][CTO][LC-2][CELL8][20161010T171659][FAILED].xml','C:workmfgdata	estreportsTESTREPORT[1405201608700013][CHASSIS][CTO][LC-2][CELL8][20161010T171659]','TRACE[1405201608700013][CHASSIS][CTO][LC-2][CELL8][20161010T171659].log','null','null','2008-11-16 09:05:00','0000-00-00 00:00:00'),(2147483647,'101-0023-000','S245741X6816577','PT-1405-1GE-ADNSGD-AC','1405',8,'CTO','LC-2','4.0.0.2','null','null','Roberto','PRODUCTION','CHASSIS','2011-10-16 21:09:00','2011-10-16 21:51:00','0000-00-00 00:00:00',0,'FAILED','TESTREPORT[1405201608700013][CHASSIS][CTO][LC-2][CELL8][20161011T210904][FAILED].xml','C:workmfgdata	estreportsTESTREPORT[1405201608700013][CHASSIS][CTO][LC-2][CELL8][20161011T210904]','TRACE[1405201608700013][CHASSIS][CTO][LC-2][CELL8][20161011T210904].log','null','null','2008-11-16 09:06:00','0000-00-00 00:00:00'),(2147483647,'101-0023-000','S245741X6816577','PT-1405-1GE-ADNSGD-AC','1405',8,'CTO','LC-2','4.0.0.2','null','null','Roberto','PRODUCTION','CHASSIS','2012-10-16 14:50:00','2012-10-16 19:03:00','0000-00-00 00:00:00',0,'FAILED','TESTREPORT[1405201608700013][CHASSIS][CTO][LC-2][CELL8][20161012T145021][FAILED].xml','C:workmfgdata	estreportsTESTREPORT[1405201608700013][CHASSIS][CTO][LC-2][CELL8][20161012T145021]','TRACE[1405201608700013][CHASSIS][CTO][LC-2][CELL8][20161012T145021].log','null','null','2008-11-16 09:06:00','0000-00-00 00:00:00'),(2147483647,'101-0023-000','S245741X6816577','PT-1405-1GE-ADNSGD-AC','1405',8,'CTO','LC-2','4.0.0.2','null','null','Roberto','PRODUCTION','CHASSIS','2013-10-16 16:53:00','2013-10-16 17:46:00','0000-00-00 00:00:00',0,'PASSED','TESTREPORT[1405201608700013][CHASSIS][CTO][LC-2][CELL8][20161013T165346][PASSED].xml','C:workmfgdata	estreportsTESTREPORT[1405201608700013][CHASSIS][CTO][LC-2][CELL8][20161013T165346]','TRACE[1405201608700013][CHASSIS][CTO][LC-2][CELL8][20161013T165346].log','null','null','2008-11-16 09:06:00','0000-00-00 00:00:00'),(2147483647,'101-0023-000','S245741X6816577','PT-1405-1GE-ADNSGD-AC','1405',8,'CTO','LC-2','4.0.0.2','null','null','Roberto','PRODUCTION','CHASSIS','2014-10-16 00:22:00','2014-10-16 00:25:00','0000-00-00 00:00:00',0,'FAILED','TESTREPORT[1405201608700013][CHASSIS][CTO][LC-2][CELL8][20161014T002225][FAILED].xml','C:workmfgdata	estreportsTESTREPORT[1405201608700013][CHASSIS][CTO][LC-2][CELL8][20161014T002225]','TRACE[1405201608700013][CHASSIS][CTO][LC-2][CELL8][20161014T002225].log','null','null','2008-11-16 09:06:00','0000-00-00 00:00:00'),(2147483647,'101-0023-000','S245741X6816577','PT-1405-1GE-ADNSGD-AC','1405',8,'CTO','LC-2','4.0.0.2','null','null','Roberto','PRODUCTION','CHASSIS','2014-10-16 00:35:00','2014-10-16 01:32:00','0000-00-00 00:00:00',0,'PASSED','TESTREPORT[1405201608700013][CHASSIS][CTO][LC-2][CELL8][20161014T003516][PASSED].xml','C:workmfgdata	estreportsTESTREPORT[1405201608700013][CHASSIS][CTO][LC-2][CELL8][20161014T003516]','TRACE[1405201608700013][CHASSIS][CTO][LC-2][CELL8][20161014T003516].log','null','null','2008-11-16 09:07:00','0000-00-00 00:00:00'),(2147483647,'101-0023-000','S245741X6816577','PT-1405-1GE-ADNSGD-AC','1405',8,'CTO','LC-2','4.0.0.2','null','null','Roberto','PRODUCTION','CHASSIS','2017-10-16 18:45:00','2017-10-16 19:42:00','0000-00-00 00:00:00',0,'PASSED','TESTREPORT[1405201608700013][CHASSIS][CTO][LC-2][CELL8][20161017T184504][PASSED].xml','C:workmfgdata	estreportsTESTREPORT[1405201608700013][CHASSIS][CTO][LC-2][CELL8][20161017T184504]','TRACE[1405201608700013][CHASSIS][CTO][LC-2][CELL8][20161017T184504].log','null','null','2008-11-16 09:07:00','0000-00-00 00:00:00'),(2147483647,'150-1004-000','S245741X6816576','null','1405',12,'SWDL','LC-1','4.0.0.0','null','null','abc','PRODUCTION','CHASSIS','2029-09-16 10:10:00','2029-09-16 10:14:00','2002-01-01 00:00:00',0,'FAILED','TESTREPORT[1405201608700014][CHASSIS][SWDL][LC-1][CELL12][20160929T101036][FAILED].xml','C:workmfgdata	estreportsTESTREPORT[1405201608700014][CHASSIS][SWDL][LC-1][CELL12][20160929T101036]','TRACE[1405201608700014][CHASSIS][SWDL][LC-1][CELL12][20160929T101036].log','null','null','2008-11-16 09:10:00','0000-00-00 00:00:00'),(2147483647,'150-1004-000','S245741X6816576','null','1405',12,'SWDL','LC-1','4.0.0.0','null','null','abc','PRODUCTION','CHASSIS','2029-09-16 10:17:00','2029-09-16 10:22:00','2002-01-01 00:00:00',0,'FAILED','TESTREPORT[1405201608700014][CHASSIS][SWDL][LC-1][CELL12][20160929T101747][FAILED].xml','C:workmfgdata	estreportsTESTREPORT[1405201608700014][CHASSIS][SWDL][LC-1][CELL12][20160929T101747]','TRACE[1405201608700014][CHASSIS][SWDL][LC-1][CELL12][20160929T101747].log','null','null','2008-11-16 09:10:00','0000-00-00 00:00:00'),(2147483647,'150-1004-000','S245741X6816576','null','1405',12,'SWDL','LC-1','4.0.0.0','null','null','abc','PRODUCTION','CHASSIS','2029-09-16 10:35:00','2029-09-16 10:40:00','2002-01-01 00:00:00',0,'FAILED','TESTREPORT[1405201608700014][CHASSIS][SWDL][LC-1][CELL12][20160929T103550][FAILED].xml','C:workmfgdata	estreportsTESTREPORT[1405201608700014][CHASSIS][SWDL][LC-1][CELL12][20160929T103550]','TRACE[1405201608700014][CHASSIS][SWDL][LC-1][CELL12][20160929T103550].log','null','null','2008-11-16 09:11:00','0000-00-00 00:00:00'),(2147483647,'150-1004-000','S245741X6816576','null','1405',12,'SWDL','LC-1','4.0.0.0','null','null','abc','PRODUCTION','CHASSIS','2029-09-16 10:43:00','2029-09-16 10:47:00','2002-01-01 00:00:00',0,'FAILED','TESTREPORT[1405201608700014][CHASSIS][SWDL][LC-1][CELL12][20160929T104328][FAILED].xml','C:workmfgdata	estreportsTESTREPORT[1405201608700014][CHASSIS][SWDL][LC-1][CELL12][20160929T104328]','TRACE[1405201608700014][CHASSIS][SWDL][LC-1][CELL12][20160929T104328].log','null','null','2008-11-16 09:11:00','0000-00-00 00:00:00'),(2147483647,'150-1004-000','S245741X6816576','null','1405',12,'SWDL','LC-1','4.0.0.0','null','null','abc','PRODUCTION','CHASSIS','2029-09-16 11:57:00','2029-09-16 12:02:00','2002-01-01 00:00:00',0,'FAILED','TESTREPORT[1405201608700014][CHASSIS][SWDL][LC-1][CELL12][20160929T115753][FAILED].xml','C:workmfgdata	estreportsTESTREPORT[1405201608700014][CHASSIS][SWDL][LC-1][CELL12][20160929T115753]','TRACE[1405201608700014][CHASSIS][SWDL][LC-1][CELL12][20160929T115753].log','null','null','2008-11-16 09:11:00','0000-00-00 00:00:00'),(2147483647,'150-1004-000','S245741X6816576','null','1405',12,'SWDL','LC-1','4.0.0.0','null','null','abc','PRODUCTION','CHASSIS','2029-09-16 13:12:00','2029-09-16 13:15:00','0000-00-00 00:00:00',0,'TERMIN','TESTREPORT[1405201608700014][CHASSIS][SWDL][LC-1][CELL12][20160929T131234][TERMINATED].xml','C:workmfgdata	estreportsTESTREPORT[1405201608700014][CHASSIS][SWDL][LC-1][CELL12][20160929T131234]','TRACE[1405201608700014][CHASSIS][SWDL][LC-1][CELL12][20160929T131234].log','null','null','2008-11-16 09:11:00','0000-00-00 00:00:00'),(2147483647,'150-1004-000','S245741X6816576','null','1405',12,'SWDL','LC-1','4.0.0.0','null','null','roberto','PRODUCTION','CHASSIS','2029-09-16 13:17:00','2029-09-16 13:21:00','0000-00-00 00:00:00',0,'FAILED','TESTREPORT[1405201608700014][CHASSIS][SWDL][LC-1][CELL12][20160929T131708][FAILED].xml','C:workmfgdata	estreportsTESTREPORT[1405201608700014][CHASSIS][SWDL][LC-1][CELL12][20160929T131708]','TRACE[1405201608700014][CHASSIS][SWDL][LC-1][CELL12][20160929T131708].log','null','null','2008-11-16 09:11:00','0000-00-00 00:00:00'),(2147483647,'150-1004-000','S245741X6816576','null','1405',12,'SWDL','LC-1','4.0.0.0','null','null','roberto','PRODUCTION','CHASSIS','2029-09-16 17:08:00','2029-09-16 17:13:00','0000-00-00 00:00:00',0,'FAILED','TESTREPORT[1405201608700014][CHASSIS][SWDL][LC-1][CELL12][20160929T170844][FAILED].xml','C:workmfgdata	estreportsTESTREPORT[1405201608700014][CHASSIS][SWDL][LC-1][CELL12][20160929T170844]','TRACE[1405201608700014][CHASSIS][SWDL][LC-1][CELL12][20160929T170844].log','null','null','2008-11-16 09:12:00','0000-00-00 00:00:00'),(2147483647,'150-1004-000','S245741X6816576','null','1405',12,'SWDL','LC-1','4.0.0.0','null','null','roberto','PRODUCTION','CHASSIS','2029-09-16 19:11:00','2029-09-16 19:15:00','0000-00-00 00:00:00',0,'FAILED','TESTREPORT[1405201608700014][CHASSIS][SWDL][LC-1][CELL12][20160929T191104][FAILED].xml','C:workmfgdata	estreportsTESTREPORT[1405201608700014][CHASSIS][SWDL][LC-1][CELL12][20160929T191104]','TRACE[1405201608700014][CHASSIS][SWDL][LC-1][CELL12][20160929T191104].log','null','null','2008-11-16 09:12:00','0000-00-00 00:00:00'),(2147483647,'150-1004-000','S245741X6816576','null','1405',12,'SWDL','LC-1','4.0.0.0','null','null','roberto','PRODUCTION','CHASSIS','2029-09-16 19:20:00','2029-09-16 19:24:00','0000-00-00 00:00:00',0,'FAILED','TESTREPORT[1405201608700014][CHASSIS][SWDL][LC-1][CELL12][20160929T192015][FAILED].xml','C:workmfgdata	estreportsTESTREPORT[1405201608700014][CHASSIS][SWDL][LC-1][CELL12][20160929T192015]','TRACE[1405201608700014][CHASSIS][SWDL][LC-1][CELL12][20160929T192015].log','null','null','2008-11-16 09:12:00','0000-00-00 00:00:00'),(2147483647,'150-1004-000','S245741X6816576','null','1405',12,'SWDL','LC-1','4.0.0.0','null','null','roberto','PRODUCTION','CHASSIS','2029-09-16 19:25:00','2029-09-16 19:27:00','0000-00-00 00:00:00',0,'TERMIN','TESTREPORT[1405201608700014][CHASSIS][SWDL][LC-1][CELL12][20160929T192528][TERMINATED].xml','C:workmfgdata	estreportsTESTREPORT[1405201608700014][CHASSIS][SWDL][LC-1][CELL12][20160929T192528]','TRACE[1405201608700014][CHASSIS][SWDL][LC-1][CELL12][20160929T192528].log','null','null','2008-11-16 09:12:00','0000-00-00 00:00:00'),(2147483647,'150-1004-000','S245741X6816576','null','1405',12,'SWDL','LC-1','4.0.0.0','null','null','roberto','PRODUCTION','CHASSIS','2029-09-16 19:29:00','2029-09-16 19:33:00','0000-00-00 00:00:00',0,'FAILED','TESTREPORT[1405201608700014][CHASSIS][SWDL][LC-1][CELL12][20160929T192935][FAILED].xml','C:workmfgdata	estreportsTESTREPORT[1405201608700014][CHASSIS][SWDL][LC-1][CELL12][20160929T192935]','TRACE[1405201608700014][CHASSIS][SWDL][LC-1][CELL12][20160929T192935].log','null','null','2008-11-16 09:12:00','0000-00-00 00:00:00'),(2147483647,'150-1004-000','S245741X6816576','null','1405',12,'SWDL','LC-1','4.0.0.0','null','null','roberto','PRODUCTION','CHASSIS','2029-09-16 19:39:00','2029-09-16 19:42:00','0000-00-00 00:00:00',0,'TERMIN','TESTREPORT[1405201608700014][CHASSIS][SWDL][LC-1][CELL12][20160929T193933][TERMINATED].xml','C:workmfgdata	estreportsTESTREPORT[1405201608700014][CHASSIS][SWDL][LC-1][CELL12][20160929T193933]','TRACE[1405201608700014][CHASSIS][SWDL][LC-1][CELL12][20160929T193933].log','null','null','2008-11-16 09:13:00','0000-00-00 00:00:00'),(2147483647,'150-1004-000','S245741X6816576','null','1405',12,'SWDL','LC-1','4.0.0.0','null','null','roberto','PRODUCTION','CHASSIS','2029-09-16 19:45:00','2029-09-16 19:49:00','0000-00-00 00:00:00',0,'FAILED','TESTREPORT[1405201608700014][CHASSIS][SWDL][LC-1][CELL12][20160929T194508][FAILED].xml','C:workmfgdata	estreportsTESTREPORT[1405201608700014][CHASSIS][SWDL][LC-1][CELL12][20160929T194508]','TRACE[1405201608700014][CHASSIS][SWDL][LC-1][CELL12][20160929T194508].log','null','null','2008-11-16 09:13:00','0000-00-00 00:00:00'),(2147483647,'150-1004-000','S245741X6816576','null','1405',12,'SWDL','LC-1','4.0.0.0','null','null','roberto','PRODUCTION','CHASSIS','2030-09-16 10:36:00','2030-09-16 11:15:00','2002-01-01 00:00:00',0,'PASSED','TESTREPORT[1405201608700014][CHASSIS][SWDL][LC-1][CELL12][20160930T103624][PASSED].xml','C:workmfgdata	estreportsTESTREPORT[1405201608700014][CHASSIS][SWDL][LC-1][CELL12][20160930T103624]','TRACE[1405201608700014][CHASSIS][SWDL][LC-1][CELL12][20160930T103624].log','null','null','2008-11-16 09:13:00','0000-00-00 00:00:00'),(2147483647,'150-1004-000','S245741X6816576','null','1405',12,'SWDL','LC-1','4.0.0.0','null','null','roberto','PRODUCTION','CHASSIS','2030-09-16 17:56:00','2030-09-16 18:42:00','0000-00-00 00:00:00',0,'PASSED','TESTREPORT[1405201608700014][CHASSIS][SWDL][LC-1][CELL12][20160930T175609][PASSED].xml','C:workmfgdata	estreportsTESTREPORT[1405201608700014][CHASSIS][SWDL][LC-1][CELL12][20160930T175609]','TRACE[1405201608700014][CHASSIS][SWDL][LC-1][CELL12][20160930T175609].log','null','null','2008-11-16 09:13:00','0000-00-00 00:00:00'),(2147483647,'101-0007-000','S245741X6816576','TE-1405-NS1GD-AC','1405',12,'LICCONF','LC-1','4.0.0.2','null','null','roberto','PRODUCTION','CHASSIS','2003-10-16 12:35:00','2003-10-16 12:35:00','2002-01-01 00:00:00',0,'FAILED','TESTREPORT[1405201608700014][CHASSIS][LICCONF][LC-1][CELL12][20161003T123550][FAILED].xml','C:workmfgdata	estreportsTESTREPORT[1405201608700014][CHASSIS][LICCONF][LC-1][CELL12][20161003T123550]','TRACE[1405201608700014][CHASSIS][LICCONF][LC-1][CELL12][20161003T123550].log','null','null','2008-11-16 09:08:00','0000-00-00 00:00:00'),(2147483647,'101-0007-000','S245741X6816576','TE-1415-NS1GD-AC','1405',12,'LICCONF','LC-1','4.0.0.2','null','null','roberto','PRODUCTION','CHASSIS','2003-10-16 14:04:00','2003-10-16 14:04:00','0000-00-00 00:00:00',0,'FAILED','TESTREPORT[1405201608700014][CHASSIS][LICCONF][LC-1][CELL12][20161003T140409][FAILED].xml','C:workmfgdata	estreportsTESTREPORT[1405201608700014][CHASSIS][LICCONF][LC-1][CELL12][20161003T140409]','TRACE[1405201608700014][CHASSIS][LICCONF][LC-1][CELL12][20161003T140409].log','null','null','2008-11-16 09:08:00','0000-00-00 00:00:00'),(2147483647,'101-0007-000','S245741X6816576','TE-1415-NS1GD-AC','1405',12,'LICCONF','LC-1','4.0.0.2','null','null','Roberto','PRODUCTION','CHASSIS','2003-10-16 14:29:00','2003-10-16 14:29:00','0000-00-00 00:00:00',0,'FAILED','TESTREPORT[1405201608700014][CHASSIS][LICCONF][LC-1][CELL12][20161003T142906][FAILED].xml','C:workmfgdata	estreportsTESTREPORT[1405201608700014][CHASSIS][LICCONF][LC-1][CELL12][20161003T142906]','TRACE[1405201608700014][CHASSIS][LICCONF][LC-1][CELL12][20161003T142906].log','null','null','2008-11-16 09:08:00','0000-00-00 00:00:00'),(2147483647,'101-0007-000','S245741X6816576','TE-1415-NS1GD-AC','1405',12,'LICCONF','LC-1','4.0.0.2','null','null','Roberto','PRODUCTION','CHASSIS','2003-10-16 15:18:00','2003-10-16 15:27:00','0000-00-00 00:00:00',0,'ERROR','TESTREPORT[1405201608700014][CHASSIS][LICCONF][LC-1][CELL12][20161003T151806][ERROR].xml','C:workmfgdata	estreportsTESTREPORT[1405201608700014][CHASSIS][LICCONF][LC-1][CELL12][20161003T151806]','TRACE[1405201608700014][CHASSIS][LICCONF][LC-1][CELL12][20161003T151806].log','null','null','2008-11-16 09:08:00','0000-00-00 00:00:00'),(2147483647,'101-0007-000','S245741X6816576','TE-1415-NS1GD-AC','1405',12,'LICCONF','LC-1','4.0.0.2','null','null','Roberto','PRODUCTION','CHASSIS','2003-10-16 15:43:00','2003-10-16 15:53:00','0000-00-00 00:00:00',0,'PASSED','TESTREPORT[1405201608700014][CHASSIS][LICCONF][LC-1][CELL12][20161003T154329][PASSED].xml','C:workmfgdata	estreportsTESTREPORT[1405201608700014][CHASSIS][LICCONF][LC-1][CELL12][20161003T154329]','TRACE[1405201608700014][CHASSIS][LICCONF][LC-1][CELL12][20161003T154329].log','null','null','2008-11-16 09:08:00','0000-00-00 00:00:00'),(2147483647,'101-0009-000','S245741X6816576','TE-1425-NS1GD-AC','1405',12,'LICCONF','LC-1','4.0.0.2','null','null','Roberto','PRODUCTION','CHASSIS','2004-10-16 12:33:00','2004-10-16 12:41:00','2002-01-01 00:00:00',0,'PASSED','TESTREPORT[1405201608700014][CHASSIS][LICCONF][LC-1][CELL12][20161004T123302][PASSED].xml','C:workmfgdata	estreportsTESTREPORT[1405201608700014][CHASSIS][LICCONF][LC-1][CELL12][20161004T123302]','TRACE[1405201608700014][CHASSIS][LICCONF][LC-1][CELL12][20161004T123302].log','null','null','2008-11-16 09:09:00','0000-00-00 00:00:00'),(2147483647,'101-0009-000','S245741X6816576','TE-1425-NS1GD-AC','1405',12,'LICCONF','LC-1','4.0.0.2','null','null','Roberto','PRODUCTION','CHASSIS','2004-10-16 12:51:00','2004-10-16 12:59:00','2002-01-01 00:00:00',0,'PASSED','TESTREPORT[1405201608700014][CHASSIS][LICCONF][LC-1][CELL12][20161004T125106][PASSED].xml','C:workmfgdata	estreportsTESTREPORT[1405201608700014][CHASSIS][LICCONF][LC-1][CELL12][20161004T125106]','TRACE[1405201608700014][CHASSIS][LICCONF][LC-1][CELL12][20161004T125106].log','null','null','2008-11-16 09:09:00','0000-00-00 00:00:00'),(2147483647,'150-1004-000','S245741X6816576','null','1405',12,'SWDL','LC-1','4.0.0.0','null','null','Roberto','PRODUCTION','CHASSIS','2004-10-16 15:56:00','2004-10-16 16:41:00','0000-00-00 00:00:00',0,'PASSED','TESTREPORT[1405201608700014][CHASSIS][SWDL][LC-1][CELL12][20161004T155617][PASSED].xml','C:workmfgdata	estreportsTESTREPORT[1405201608700014][CHASSIS][SWDL][LC-1][CELL12][20161004T155617]','TRACE[1405201608700014][CHASSIS][SWDL][LC-1][CELL12][20161004T155617].log','null','null','2008-11-16 09:13:00','0000-00-00 00:00:00'),(2147483647,'101-0010-000','S245741X6816576','TE-1425-NS1GD-DC','1405',5,'LICCONF','LC-2','4.0.0.2','null','null','Roberto','PRODUCTION','CHASSIS','2005-10-16 10:12:00','2005-10-16 10:21:00','2002-01-01 00:00:00',0,'FAILED','TESTREPORT[1405201608700014][CHASSIS][LICCONF][LC-2][CELL5][20161005T101234][FAILED].xml','C:workmfgdata	estreportsTESTREPORT[1405201608700014][CHASSIS][LICCONF][LC-2][CELL5][20161005T101234]','TRACE[1405201608700014][CHASSIS][LICCONF][LC-2][CELL5][20161005T101234].log','null','null','2008-11-16 09:10:00','0000-00-00 00:00:00'),(2147483647,'101-0009-000','S245741X6816576','TE-1425-NS1GD-AC','1405',5,'LICCONF','LC-2','4.0.0.2','null','null','Roberto','PRODUCTION','CHASSIS','2005-10-16 11:39:00','2005-10-16 11:50:00','2002-01-01 00:00:00',0,'PASSED','TESTREPORT[1405201608700014][CHASSIS][LICCONF][LC-2][CELL5][20161005T113947][PASSED].xml','C:workmfgdata	estreportsTESTREPORT[1405201608700014][CHASSIS][LICCONF][LC-2][CELL5][20161005T113947]','TRACE[1405201608700014][CHASSIS][LICCONF][LC-2][CELL5][20161005T113947].log','null','null','2008-11-16 09:10:00','0000-00-00 00:00:00'),(2147483647,'150-1004-000','S245741X6816576','null','1405',12,'SWDL','LC-1','4.0.0.0','null','null','Roberto','PRODUCTION','CHASSIS','2005-10-16 12:10:00','2005-10-16 12:55:00','2002-01-01 00:00:00',0,'PASSED','TESTREPORT[1405201608700014][CHASSIS][SWDL][LC-1][CELL12][20161005T121025][PASSED].xml','C:workmfgdata	estreportsTESTREPORT[1405201608700014][CHASSIS][SWDL][LC-1][CELL12][20161005T121025]','TRACE[1405201608700014][CHASSIS][SWDL][LC-1][CELL12][20161005T121025].log','null','null','2008-11-16 09:14:00','0000-00-00 00:00:00'),(2147483647,'101-0010-000','S245741X6816576','TE-1425-NS1GD-DC','1405',2,'CTO','LC-1','4.0.0.2','null','null','Roberto','PRODUCTION','CHASSIS','2005-10-16 17:03:00','2005-10-16 17:49:00','0000-00-00 00:00:00',0,'PASSED','TESTREPORT[1405201608700014][CHASSIS][CTO][LC-1][CELL2][20161005T170318][PASSED].xml','C:workmfgdata	estreportsTESTREPORT[1405201608700014][CHASSIS][CTO][LC-1][CELL2][20161005T170318]','TRACE[1405201608700014][CHASSIS][CTO][LC-1][CELL2][20161005T170318].log','null','null','2008-11-16 09:07:00','0000-00-00 00:00:00'),(2147483647,'101-0010-000','S245741X6816576','TE-1425-NS1GD-DC','1405',8,'CTO','LC-2','4.0.0.2','null','null','Roberto','PRODUCTION','CHASSIS','2005-10-16 18:00:00','2005-10-16 18:46:00','0000-00-00 00:00:00',0,'PASSED','TESTREPORT[1405201608700014][CHASSIS][CTO][LC-2][CELL8][20161005T180053][PASSED].xml','C:workmfgdata	estreportsTESTREPORT[1405201608700014][CHASSIS][CTO][LC-2][CELL8][20161005T180053]','TRACE[1405201608700014][CHASSIS][CTO][LC-2][CELL8][20161005T180053].log','null','null','2008-11-16 09:07:00','0000-00-00 00:00:00'),(2147483647,'150-1004-000','S245741X6816576','null','1405',10,'SWDL','LC-1','4.0.0.0','null','null','Roberto','PRODUCTION','CHASSIS','2010-10-16 16:08:00','2010-10-16 16:54:00','0000-00-00 00:00:00',0,'PASSED','TESTREPORT[1405201608700014][CHASSIS][SWDL][LC-1][CELL10][20161010T160842][PASSED].xml','C:workmfgdata	estreportsTESTREPORT[1405201608700014][CHASSIS][SWDL][LC-1][CELL10][20161010T160842]','TRACE[1405201608700014][CHASSIS][SWDL][LC-1][CELL10][20161010T160842].log','null','null','2008-11-16 09:10:00','0000-00-00 00:00:00'),(2147483647,'101-0023-000','S245741X6816576','PT-1405-1GE-ADNSGD-AC','1405',4,'CTO','LC-2','4.0.0.2','null','null','Roberto','PRODUCTION','CHASSIS','2017-10-16 17:49:00','2017-10-16 18:46:00','0000-00-00 00:00:00',0,'PASSED','TESTREPORT[1405201608700014][CHASSIS][CTO][LC-2][CELL4][20161017T174903][PASSED].xml','C:workmfgdata	estreportsTESTREPORT[1405201608700014][CHASSIS][CTO][LC-2][CELL4][20161017T174903]','TRACE[1405201608700014][CHASSIS][CTO][LC-2][CELL4][20161017T174903].log','null','null','2008-11-16 09:07:00','0000-00-00 00:00:00'),(2147483647,'101-0025-000','S245741X6816576','PT-1405-1GE-HW-AC','1405',3,'LICCONF','LC-1','4.0.0.2','null','null','Roberto','PRODUCTION','CHASSIS','2031-10-16 16:19:00','2031-10-16 16:30:00','0000-00-00 00:00:00',0,'FAILED','TESTREPORT[1405201608700014][CHASSIS][LICCONF][LC-1][CELL3][20161031T161910][FAILED].xml','C:workmfgdata	estreportsTESTREPORT[1405201608700014][CHASSIS][LICCONF][LC-1][CELL3][20161031T161910]','TRACE[1405201608700014][CHASSIS][LICCONF][LC-1][CELL3][20161031T161910].log','null','null','2008-11-16 09:09:00','0000-00-00 00:00:00'),(2147483647,'101-0025-000','S245741X6816576','PT-1405-1GE-HW-AC','1405',3,'LICCONF','LC-1','4.0.0.2','null','null','Roberto','PRODUCTION','CHASSIS','2031-10-16 16:37:00','2031-10-16 16:48:00','0000-00-00 00:00:00',0,'TERMIN','TESTREPORT[1405201608700014][CHASSIS][LICCONF][LC-1][CELL3][20161031T163722][TERMINATED].xml','C:workmfgdata	estreportsTESTREPORT[1405201608700014][CHASSIS][LICCONF][LC-1][CELL3][20161031T163722]','TRACE[1405201608700014][CHASSIS][LICCONF][LC-1][CELL3][20161031T163722].log','null','null','2008-11-16 09:09:00','0000-00-00 00:00:00'),(2147483647,'101-0025-000','S245741X6816576','PT-1405-1GE-HW-AC','1405',3,'LICCONF','LC-1','4.0.0.2','null','null','Roberto','PRODUCTION','CHASSIS','2031-10-16 16:49:00','2031-10-16 17:01:00','0000-00-00 00:00:00',0,'PASSED','TESTREPORT[1405201608700014][CHASSIS][LICCONF][LC-1][CELL3][20161031T164932][PASSED].xml','C:workmfgdata	estreportsTESTREPORT[1405201608700014][CHASSIS][LICCONF][LC-1][CELL3][20161031T164932]','TRACE[1405201608700014][CHASSIS][LICCONF][LC-1][CELL3][20161031T164932].log','null','null','2008-11-16 09:09:00','0000-00-00 00:00:00'),(2147483647,'101-0015-000','S245741X6816575','TE-1405-1GE-AC','1405',3,'LICCONF','LC-2','4.0.0.2','null','null','Roberto','PRODUCTION','CHASSIS','2005-10-16 11:32:00','2005-10-16 11:42:00','2002-01-01 00:00:00',0,'FAILED','TESTREPORT[1405201608700015][CHASSIS][LICCONF][LC-2][CELL3][20161005T113205][FAILED].xml','C:workmfgdata	estreportsTESTREPORT[1405201608700015][CHASSIS][LICCONF][LC-2][CELL3][20161005T113205]','TRACE[1405201608700015][CHASSIS][LICCONF][LC-2][CELL3][20161005T113205].log','null','null','2008-11-16 09:15:00','0000-00-00 00:00:00'),(2147483647,'101-0015-000','S245741X6816575','TE-1405-1GE-AC','1405',3,'LICCONF','LC-2','4.0.0.2','null','null','Roberto','PRODUCTION','CHASSIS','2005-10-16 15:19:00','2005-10-16 15:21:00','0000-00-00 00:00:00',0,'FAILED','TESTREPORT[1405201608700015][CHASSIS][LICCONF][LC-2][CELL3][20161005T151900][FAILED].xml','C:workmfgdata	estreportsTESTREPORT[1405201608700015][CHASSIS][LICCONF][LC-2][CELL3][20161005T151900]','TRACE[1405201608700015][CHASSIS][LICCONF][LC-2][CELL3][20161005T151900].log','null','null','2008-11-16 09:15:00','0000-00-00 00:00:00'),(2147483647,'101-0015-000','S245741X6816575','TE-1405-1GE-AC','1405',3,'LICCONF','LC-2','4.0.0.2','null','null','Roberto','PRODUCTION','CHASSIS','2005-10-16 15:22:00','2005-10-16 15:24:00','0000-00-00 00:00:00',0,'FAILED','TESTREPORT[1405201608700015][CHASSIS][LICCONF][LC-2][CELL3][20161005T152239][FAILED].xml','C:workmfgdata	estreportsTESTREPORT[1405201608700015][CHASSIS][LICCONF][LC-2][CELL3][20161005T152239]','TRACE[1405201608700015][CHASSIS][LICCONF][LC-2][CELL3][20161005T152239].log','null','null','2008-11-16 09:15:00','0000-00-00 00:00:00'),(2147483647,'101-0015-000','S245741X6816575','TE-1405-1GE-AC','1405',3,'LICCONF','LC-2','4.0.0.2','null','null','Roberto','PRODUCTION','CHASSIS','2005-10-16 15:32:00','2005-10-16 15:35:00','0000-00-00 00:00:00',0,'FAILED','TESTREPORT[1405201608700015][CHASSIS][LICCONF][LC-2][CELL3][20161005T153232][FAILED].xml','C:workmfgdata	estreportsTESTREPORT[1405201608700015][CHASSIS][LICCONF][LC-2][CELL3][20161005T153232]','TRACE[1405201608700015][CHASSIS][LICCONF][LC-2][CELL3][20161005T153232].log','null','null','2008-11-16 09:15:00','0000-00-00 00:00:00'),(2147483647,'101-0015-000','S245741X6816575','TE-1405-1GE-AC','1405',3,'LICCONF','LC-2','4.0.0.2','null','null','Roberto','PRODUCTION','CHASSIS','2005-10-16 15:46:00','2005-10-16 15:48:00','0000-00-00 00:00:00',0,'FAILED','TESTREPORT[1405201608700015][CHASSIS][LICCONF][LC-2][CELL3][20161005T154619][FAILED].xml','C:workmfgdata	estreportsTESTREPORT[1405201608700015][CHASSIS][LICCONF][LC-2][CELL3][20161005T154619]','TRACE[1405201608700015][CHASSIS][LICCONF][LC-2][CELL3][20161005T154619].log','null','null','2008-11-16 09:16:00','0000-00-00 00:00:00'),(2147483647,'101-0015-000','S245741X6816575','TE-1405-1GE-AC','1405',3,'CTO','LC-2','4.0.0.2','null','null','Roberto','PRODUCTION','CHASSIS','2005-10-16 15:58:00','2005-10-16 16:44:00','0000-00-00 00:00:00',0,'PASSED','TESTREPORT[1405201608700015][CHASSIS][CTO][LC-2][CELL3][20161005T155859][PASSED].xml','C:workmfgdata	estreportsTESTREPORT[1405201608700015][CHASSIS][CTO][LC-2][CELL3][20161005T155859]','TRACE[1405201608700015][CHASSIS][CTO][LC-2][CELL3][20161005T155859].log','null','null','2008-11-16 09:14:00','0000-00-00 00:00:00'),(2147483647,'101-0015-000','S245741X6816575','TE-1405-1GE-AC','1405',3,'CTO','LC-2','4.0.0.2','null','null','Roberto','PRODUCTION','CHASSIS','2012-10-16 14:48:00','2012-10-16 15:33:00','0000-00-00 00:00:00',0,'ERROR','TESTREPORT[1405201608700015][CHASSIS][CTO][LC-2][CELL3][20161012T144834][ERROR].xml','C:workmfgdata	estreportsTESTREPORT[1405201608700015][CHASSIS][CTO][LC-2][CELL3][20161012T144834]','TRACE[1405201608700015][CHASSIS][CTO][LC-2][CELL3][20161012T144834].log','null','null','2008-11-16 09:14:00','0000-00-00 00:00:00'),(2147483647,'101-0015-000','S245741X6816575','TE-1405-1GE-AC','1405',3,'CTO','LC-2','4.0.0.2','null','null','Roberto','PRODUCTION','CHASSIS','2012-10-16 17:48:00','2012-10-16 17:48:00','0000-00-00 00:00:00',0,'FAILED','TESTREPORT[1405201608700015][CHASSIS][CTO][LC-2][CELL3][20161012T174833][FAILED].xml','C:workmfgdata	estreportsTESTREPORT[1405201608700015][CHASSIS][CTO][LC-2][CELL3][20161012T174833]','TRACE[1405201608700015][CHASSIS][CTO][LC-2][CELL3][20161012T174833].log','null','null','2008-11-16 09:14:00','0000-00-00 00:00:00'),(2147483647,'101-0015-000','S245741X6816575','null','1405',3,'CTO','LC-2','4.0.0.2','null','null','Roberto','PRODUCTION','CHASSIS','2012-10-16 17:55:00','2012-10-16 18:51:00','0000-00-00 00:00:00',0,'ERROR','TESTREPORT[1405201608700015][CHASSIS][CTO][LC-2][CELL3][20161012T175549][ERROR].xml','C:workmfgdata	estreportsTESTREPORT[1405201608700015][CHASSIS][CTO][LC-2][CELL3][20161012T175549]','TRACE[1405201608700015][CHASSIS][CTO][LC-2][CELL3][20161012T175549].log','null','null','2008-11-16 09:14:00','0000-00-00 00:00:00'),(2147483647,'101-0015-000','S245741X6816575','null','1405',3,'CTO','LC-2','4.0.0.2','null','null','Roberto','PRODUCTION','CHASSIS','2012-10-16 19:04:00','2012-10-16 19:58:00','0000-00-00 00:00:00',0,'PASSED','TESTREPORT[1405201608700015][CHASSIS][CTO][LC-2][CELL3][20161012T190401][PASSED].xml','C:workmfgdata	estreportsTESTREPORT[1405201608700015][CHASSIS][CTO][LC-2][CELL3][20161012T190401]','TRACE[1405201608700015][CHASSIS][CTO][LC-2][CELL3][20161012T190401].log','null','null','2008-11-16 09:15:00','0000-00-00 00:00:00'),(2147483647,'101-0023-000','S245741X6816574','PT-1405-1GE-ADNSGD-AC','1405',7,'CTO','LC-2','4.0.0.2','null','null','Roberto','PRODUCTION','CHASSIS','2010-10-16 13:08:00','2010-10-16 13:28:00','0000-00-00 00:00:00',0,'FAILED','TESTREPORT[1405201608700016][CHASSIS][CTO][LC-2][CELL7][20161010T130844][FAILED].xml','C:workmfgdata	estreportsTESTREPORT[1405201608700016][CHASSIS][CTO][LC-2][CELL7][20161010T130844]','TRACE[1405201608700016][CHASSIS][CTO][LC-2][CELL7][20161010T130844].log','null','null','2008-11-16 09:16:00','0000-00-00 00:00:00'),(2147483647,'101-0023-000','S245741X6816574','PT-1405-1GE-ADNSGD-AC','1405',7,'CTO','LC-2','4.0.0.2','null','null','Roberto','PRODUCTION','CHASSIS','2010-10-16 13:32:00','2010-10-16 14:15:00','0000-00-00 00:00:00',0,'FAILED','TESTREPORT[1405201608700016][CHASSIS][CTO][LC-2][CELL7][20161010T133248][FAILED].xml','C:workmfgdata	estreportsTESTREPORT[1405201608700016][CHASSIS][CTO][LC-2][CELL7][20161010T133248]','TRACE[1405201608700016][CHASSIS][CTO][LC-2][CELL7][20161010T133248].log','null','null','2008-11-16 09:16:00','0000-00-00 00:00:00'),(2147483647,'101-0023-000','S245741X6816574','PT-1405-1GE-ADNSGD-AC','1405',7,'CTO','LC-2','4.0.0.2','null','null','Roberto','PRODUCTION','CHASSIS','2010-10-16 17:16:00','2010-10-16 17:55:00','0000-00-00 00:00:00',0,'FAILED','TESTREPORT[1405201608700016][CHASSIS][CTO][LC-2][CELL7][20161010T171627][FAILED].xml','C:workmfgdata	estreportsTESTREPORT[1405201608700016][CHASSIS][CTO][LC-2][CELL7][20161010T171627]','TRACE[1405201608700016][CHASSIS][CTO][LC-2][CELL7][20161010T171627].log','null','null','2008-11-16 09:16:00','0000-00-00 00:00:00'),(2147483647,'101-0023-000','S245741X6816574','PT-1405-1GE-ADNSGD-AC','1405',7,'CTO','LC-2','4.0.0.2','null','null','Roberto','PRODUCTION','CHASSIS','2010-10-16 23:13:00','2011-10-16 00:02:00','0000-00-00 00:00:00',0,'FAILED','TESTREPORT[1405201608700016][CHASSIS][CTO][LC-2][CELL7][20161010T231334][FAILED].xml','C:workmfgdata	estreportsTESTREPORT[1405201608700016][CHASSIS][CTO][LC-2][CELL7][20161010T231334]','TRACE[1405201608700016][CHASSIS][CTO][LC-2][CELL7][20161010T231334].log','null','null','2008-11-16 09:16:00','0000-00-00 00:00:00'),(2147483647,'101-0023-000','S245741X6816574','Pt-1405-1GE-ADNSGD-AC','1405',7,'CTO','LC-2','4.0.0.2','null','null','Roberto','PRODUCTION','CHASSIS','2011-10-16 08:41:00','2011-10-16 08:41:00','2002-01-01 00:00:00',0,'ERROR','TESTREPORT[1405201608700016][CHASSIS][CTO][LC-2][CELL7][20161011T084129][ERROR].xml','C:workmfgdata	estreportsTESTREPORT[1405201608700016][CHASSIS][CTO][LC-2][CELL7][20161011T084129]','TRACE[1405201608700016][CHASSIS][CTO][LC-2][CELL7][20161011T084129].log','null','null','2008-11-16 09:17:00','0000-00-00 00:00:00'),(2147483647,'101-0023-000','S245741X6816574','Pt-1405-1GE-ADNSGD-AC','1405',7,'CTO','LC-2','4.0.0.2','null','null','Roberto','PRODUCTION','CHASSIS','2011-10-16 08:48:00','2011-10-16 08:48:00','2002-01-01 00:00:00',0,'ERROR','TESTREPORT[1405201608700016][CHASSIS][CTO][LC-2][CELL7][20161011T084854][ERROR].xml','C:workmfgdata	estreportsTESTREPORT[1405201608700016][CHASSIS][CTO][LC-2][CELL7][20161011T084854]','TRACE[1405201608700016][CHASSIS][CTO][LC-2][CELL7][20161011T084854].log','null','null','2008-11-16 09:17:00','0000-00-00 00:00:00'),(2147483647,'101-0023-000','S245741X6816574','PT-1405-1GE-ADNSGD-AC','1405',7,'CTO','LC-2','4.0.0.2','null','null','Roberto','PRODUCTION','CHASSIS','2011-10-16 08:56:00','2011-10-16 09:45:00','2002-01-01 00:00:00',0,'FAILED','TESTREPORT[1405201608700016][CHASSIS][CTO][LC-2][CELL7][20161011T085600][FAILED].xml','C:workmfgdata	estreportsTESTREPORT[1405201608700016][CHASSIS][CTO][LC-2][CELL7][20161011T085600]','TRACE[1405201608700016][CHASSIS][CTO][LC-2][CELL7][20161011T085600].log','null','null','2008-11-16 09:17:00','0000-00-00 00:00:00'),(2147483647,'101-0023-000','S245741X6816574','PT-1405-1GE-ADNSGD-AC','1405',7,'CTO','LC-2','4.0.0.2','null','null','Roberto','PRODUCTION','CHASSIS','2012-10-16 14:49:00','2012-10-16 14:53:00','0000-00-00 00:00:00',0,'FAILED','TESTREPORT[1405201608700016][CHASSIS][CTO][LC-2][CELL7][20161012T144913][FAILED].xml','C:workmfgdata	estreportsTESTREPORT[1405201608700016][CHASSIS][CTO][LC-2][CELL7][20161012T144913]','TRACE[1405201608700016][CHASSIS][CTO][LC-2][CELL7][20161012T144913].log','null','null','2008-11-16 09:17:00','0000-00-00 00:00:00'),(2147483647,'101-0023-000','S245741X6816574','PT-1405-1GE-ADNSGD-AC ','1405',7,'CTO','LC-2','4.0.0.2','null','null','Roberto','PRODUCTION','CHASSIS','2012-10-16 14:56:00','2012-10-16 14:56:00','0000-00-00 00:00:00',0,'ERROR','TESTREPORT[1405201608700016][CHASSIS][CTO][LC-2][CELL7][20161012T145614][ERROR].xml','C:workmfgdata	estreportsTESTREPORT[1405201608700016][CHASSIS][CTO][LC-2][CELL7][20161012T145614]','TRACE[1405201608700016][CHASSIS][CTO][LC-2][CELL7][20161012T145614].log','null','null','2008-11-16 09:17:00','0000-00-00 00:00:00'),(2147483647,'101-0023-000','S245741X6816574','PT-1405-1GE-ADNSGD-AC','1405',7,'CTO','LC-2','4.0.0.2','null','null','Roberto','PRODUCTION','CHASSIS','2012-10-16 14:57:00','2012-10-16 19:03:00','0000-00-00 00:00:00',0,'FAILED','TESTREPORT[1405201608700016][CHASSIS][CTO][LC-2][CELL7][20161012T145759][FAILED].xml','C:workmfgdata	estreportsTESTREPORT[1405201608700016][CHASSIS][CTO][LC-2][CELL7][20161012T145759]','TRACE[1405201608700016][CHASSIS][CTO][LC-2][CELL7][20161012T145759].log','null','null','2008-11-16 09:18:00','0000-00-00 00:00:00'),(2147483647,'101-0023-000','S245741X6816574','PT-1405-1GE-ADNSGD-AC','1405',7,'CTO','LC-2','4.0.0.2','null','null','Roberto','PRODUCTION','CHASSIS','2013-10-16 16:53:00','2013-10-16 17:16:00','0000-00-00 00:00:00',0,'FAILED','TESTREPORT[1405201608700016][CHASSIS][CTO][LC-2][CELL7][20161013T165307][FAILED].xml','C:workmfgdata	estreportsTESTREPORT[1405201608700016][CHASSIS][CTO][LC-2][CELL7][20161013T165307]','TRACE[1405201608700016][CHASSIS][CTO][LC-2][CELL7][20161013T165307].log','null','null','2008-11-16 09:18:00','0000-00-00 00:00:00'),(2147483647,'101-0023-000','S245741X6816574','PT-1405-1GE-ADNSGD-AC','1405',7,'CTO','LC-2','4.0.0.2','null','null','Roberto','PRODUCTION','CHASSIS','2014-10-16 00:20:00','2014-10-16 16:59:00','0000-00-00 00:00:00',0,'TERMIN','TESTREPORT[1405201608700016][CHASSIS][CTO][LC-2][CELL7][20161014T002010][TERMINATED].xml','C:workmfgdata	estreportsTESTREPORT[1405201608700016][CHASSIS][CTO][LC-2][CELL7][20161014T002010]','TRACE[1405201608700016][CHASSIS][CTO][LC-2][CELL7][20161014T002010].log','null','null','2008-11-16 09:18:00','0000-00-00 00:00:00'),(2147483647,'101-0023-000','S245741X6816574','PT-1405-1GE-ADNSGD-AC','1405',7,'CTO','LC-2','4.0.0.2','null','null','Roberto','PRODUCTION','CHASSIS','2014-10-16 17:00:00','2014-10-16 17:48:00','0000-00-00 00:00:00',0,'PASSED','TESTREPORT[1405201608700016][CHASSIS][CTO][LC-2][CELL7][20161014T170022][PASSED].xml','C:workmfgdata	estreportsTESTREPORT[1405201608700016][CHASSIS][CTO][LC-2][CELL7][20161014T170022]','TRACE[1405201608700016][CHASSIS][CTO][LC-2][CELL7][20161014T170022].log','null','null','2008-11-16 09:18:00','0000-00-00 00:00:00'),(2147483647,'101-0023-000','S245741X6816574','PT-1405-1GE-ADNSGD-AC','1405',7,'CTO','LC-2','4.0.0.2','null','null','Roberto','PRODUCTION','CHASSIS','2017-10-16 18:41:00','2017-10-16 19:38:00','0000-00-00 00:00:00',0,'PASSED','TESTREPORT[1405201608700016][CHASSIS][CTO][LC-2][CELL7][20161017T184152][PASSED].xml','C:workmfgdata	estreportsTESTREPORT[1405201608700016][CHASSIS][CTO][LC-2][CELL7][20161017T184152]','TRACE[1405201608700016][CHASSIS][CTO][LC-2][CELL7][20161017T184152].log','null','null','2008-11-16 09:19:00','0000-00-00 00:00:00'),(2147483647,'101-0026-000','S242467X6816572','PT-1405-1GE-HW-DC','1405',2,'CTO','LC-2','4.0.0.2','null','null','Roberto','PRODUCTION','CHASSIS','2031-10-16 09:46:00','2031-10-16 10:43:00','2002-01-01 00:00:00',0,'FAILED','TESTREPORT[1405201608700018][CHASSIS][CTO][LC-2][CELL2][20161031T094637][FAILED].xml','C:workmfgdata	estreportsTESTREPORT[1405201608700018][CHASSIS][CTO][LC-2][CELL2][20161031T094637]','TRACE[1405201608700018][CHASSIS][CTO][LC-2][CELL2][20161031T094637].log','null','null','2008-11-16 09:19:00','0000-00-00 00:00:00'),(2147483647,'101-0024-000','S242467X6816572','PT-1405-1GE-ADNSGD-DC','1405',2,'CTO','LC-2','4.0.0.2','null','null','Roberto','PRODUCTION','CHASSIS','2031-10-16 11:06:00','2031-10-16 12:04:00','2002-01-01 00:00:00',0,'PASSED','TESTREPORT[1405201608700018][CHASSIS][CTO][LC-2][CELL2][20161031T110616][PASSED].xml','C:workmfgdata	estreportsTESTREPORT[1405201608700018][CHASSIS][CTO][LC-2][CELL2][20161031T110616]','TRACE[1405201608700018][CHASSIS][CTO][LC-2][CELL2][20161031T110616].log','null','null','2008-11-16 09:19:00','0000-00-00 00:00:00'),(2147483647,'101-0026-000','S242467X6816571','PT-1405-1GE-HW-DC','1405',1,'CTO','LC-2','4.0.0.2','null','null','Roberto','PRODUCTION','CHASSIS','2031-10-16 09:42:00','2031-10-16 10:39:00','2002-01-01 00:00:00',0,'FAILED','TESTREPORT[1405201608700019][CHASSIS][CTO][LC-2][CELL1][20161031T094228][FAILED].xml','C:workmfgdata	estreportsTESTREPORT[1405201608700019][CHASSIS][CTO][LC-2][CELL1][20161031T094228]','TRACE[1405201608700019][CHASSIS][CTO][LC-2][CELL1][20161031T094228].log','null','null','2008-11-16 09:19:00','0000-00-00 00:00:00'),(2147483647,'101-0024-000','S242467X6816571','PT-1405-1GE-ADNSGD-DC','1405',1,'CTO','LC-2','4.0.0.2','null','null','Roberto','PRODUCTION','CHASSIS','2031-10-16 11:05:00','2031-10-16 12:02:00','2002-01-01 00:00:00',0,'PASSED','TESTREPORT[1405201608700019][CHASSIS][CTO][LC-2][CELL1][20161031T110514][PASSED].xml','C:workmfgdata	estreportsTESTREPORT[1405201608700019][CHASSIS][CTO][LC-2][CELL1][20161031T110514]','TRACE[1405201608700019][CHASSIS][CTO][LC-2][CELL1][20161031T110514].log','null','null','2008-11-16 09:19:00','0000-00-00 00:00:00'),(2147483647,'150-1004-000','S242474X6816564','TE-1405-BASE-AC','1405',9,'LICCONF','LC-1','4.0.0.2','null','null','Roberto','PRODUCTION','CHASSIS','2025-10-16 09:57:00','2025-10-16 10:07:00','2002-01-01 00:00:00',0,'PASSED','TESTREPORT[1405201608700029][CHASSIS][LICCONF][LC-1][CELL9][20161025T095702][PASSED].xml','C:workmfgdata	estreportsTESTREPORT[1405201608700029][CHASSIS][LICCONF][LC-1][CELL9][20161025T095702]','TRACE[1405201608700029][CHASSIS][LICCONF][LC-1][CELL9][20161025T095702].log','null','null','2008-11-16 09:20:00','0000-00-00 00:00:00'),(2147483647,'150-1004-000','S242474X6816564','TE-1415-NS1-AC','1405',9,'LICCONF','LC-1','4.0.0.2','null','null','Roberto','PRODUCTION','CHASSIS','2025-10-16 10:38:00','2025-10-16 10:48:00','2002-01-01 00:00:00',0,'PASSED','TESTREPORT[1405201608700029][CHASSIS][LICCONF][LC-1][CELL9][20161025T103811][PASSED].xml','C:workmfgdata	estreportsTESTREPORT[1405201608700029][CHASSIS][LICCONF][LC-1][CELL9][20161025T103811]','TRACE[1405201608700029][CHASSIS][LICCONF][LC-1][CELL9][20161025T103811].log','null','null','2008-11-16 09:20:00','0000-00-00 00:00:00'),(2147483647,'150-1004-000','S242474X6816565','TE-1405-BASE-AC','1405',8,'LICCONF','LC-1','4.0.0.2','null','null','Roberto','PRODUCTION','CHASSIS','2025-10-16 09:55:00','2025-10-16 10:04:00','2002-01-01 00:00:00',0,'PASSED','TESTREPORT[1405201608700030][CHASSIS][LICCONF][LC-1][CELL8][20161025T095559][PASSED].xml','C:workmfgdata	estreportsTESTREPORT[1405201608700030][CHASSIS][LICCONF][LC-1][CELL8][20161025T095559]','TRACE[1405201608700030][CHASSIS][LICCONF][LC-1][CELL8][20161025T095559].log','null','null','2008-11-16 09:20:00','0000-00-00 00:00:00'),(2147483647,'150-1004-000','S242474X6816565','TE-1415-NS1-AC','1405',8,'LICCONF','LC-1','4.0.0.2','null','null','Roberto','PRODUCTION','CHASSIS','2025-10-16 10:37:00','2025-10-16 10:47:00','2002-01-01 00:00:00',0,'PASSED','TESTREPORT[1405201608700030][CHASSIS][LICCONF][LC-1][CELL8][20161025T103756][PASSED].xml','C:workmfgdata	estreportsTESTREPORT[1405201608700030][CHASSIS][LICCONF][LC-1][CELL8][20161025T103756]','TRACE[1405201608700030][CHASSIS][LICCONF][LC-1][CELL8][20161025T103756].log','null','null','2008-11-16 09:20:00','0000-00-00 00:00:00'),(2147483647,'150-1005-000','S243655X6816602','TR-1405-HW-G-AC','1405',1,'LICCONF','LC-1','4.0.0.2','null','null','Roberto','PRODUCTION','CHASSIS','2031-10-16 11:09:00','2031-10-16 11:18:00','2002-01-01 00:00:00',0,'PASSED','TESTREPORT[1405201608700042][CHASSIS][LICCONF][LC-1][CELL1][20161031T110948][PASSED].xml','C:workmfgdata	estreportsTESTREPORT[1405201608700042][CHASSIS][LICCONF][LC-1][CELL1][20161031T110948]','TRACE[1405201608700042][CHASSIS][LICCONF][LC-1][CELL1][20161031T110948].log','null','null','2008-11-16 09:20:00','0000-00-00 00:00:00'),(2147483647,'150-1005-000','S243655X6816603','null','1405',8,'SWDL','LC-1','4.0.0.0','null','null','abc','PRODUCTION','CHASSIS','2029-09-16 10:09:00','2029-09-16 10:23:00','2002-01-01 00:00:00',0,'FAILED','TESTREPORT[1405201608700043][CHASSIS][SWDL][LC-1][CELL8][20160929T100920][FAILED].xml','C:workmfgdata	estreportsTESTREPORT[1405201608700043][CHASSIS][SWDL][LC-1][CELL8][20160929T100920]','TRACE[1405201608700043][CHASSIS][SWDL][LC-1][CELL8][20160929T100920].log','null','null','2008-11-16 09:21:00','0000-00-00 00:00:00'),(2147483647,'150-1005-000','S243655X6816603','null','1405',8,'SWDL','LC-1','4.0.0.0','null','null','abc','PRODUCTION','CHASSIS','2029-09-16 10:34:00','2029-09-16 10:47:00','2002-01-01 00:00:00',0,'FAILED','TESTREPORT[1405201608700043][CHASSIS][SWDL][LC-1][CELL8][20160929T103412][FAILED].xml','C:workmfgdata	estreportsTESTREPORT[1405201608700043][CHASSIS][SWDL][LC-1][CELL8][20160929T103412]','TRACE[1405201608700043][CHASSIS][SWDL][LC-1][CELL8][20160929T103412].log','null','null','2008-11-16 09:21:00','0000-00-00 00:00:00'),(2147483647,'150-1005-000','S243655X6816603','null','1405',8,'SWDL','LC-1','4.0.0.0','null','null','abc','PRODUCTION','CHASSIS','2029-09-16 11:46:00','2029-09-16 12:06:00','2002-01-01 00:00:00',0,'FAILED','TESTREPORT[1405201608700043][CHASSIS][SWDL][LC-1][CELL8][20160929T114648][FAILED].xml','C:workmfgdata	estreportsTESTREPORT[1405201608700043][CHASSIS][SWDL][LC-1][CELL8][20160929T114648]','TRACE[1405201608700043][CHASSIS][SWDL][LC-1][CELL8][20160929T114648].log','null','null','2008-11-16 09:22:00','0000-00-00 00:00:00'),(2147483647,'150-1005-000','S243655X6816603','null','1405',8,'SWDL','LC-1','4.0.0.0','null','null','roberto','PRODUCTION','CHASSIS','2029-09-16 17:03:00','2029-09-16 17:54:00','0000-00-00 00:00:00',0,'FAILED','TESTREPORT[1405201608700043][CHASSIS][SWDL][LC-1][CELL8][20160929T170343][FAILED].xml','C:workmfgdata	estreportsTESTREPORT[1405201608700043][CHASSIS][SWDL][LC-1][CELL8][20160929T170343]','TRACE[1405201608700043][CHASSIS][SWDL][LC-1][CELL8][20160929T170343].log','null','null','2008-11-16 09:22:00','0000-00-00 00:00:00'),(2147483647,'150-1005-000','S243655X6816603','null','1405',8,'SWDL','LC-1','4.0.0.0','null','null','roberto','PRODUCTION','CHASSIS','2030-09-16 10:36:00','2030-09-16 11:30:00','2002-01-01 00:00:00',0,'PASSED','TESTREPORT[1405201608700043][CHASSIS][SWDL][LC-1][CELL8][20160930T103637][PASSED].xml','C:workmfgdata	estreportsTESTREPORT[1405201608700043][CHASSIS][SWDL][LC-1][CELL8][20160930T103637]','TRACE[1405201608700043][CHASSIS][SWDL][LC-1][CELL8][20160930T103637].log','null','null','2008-11-16 09:22:00','0000-00-00 00:00:00'),(2147483647,'150-1005-000','S243655X6816603','null','1405',2,'SWDL','LC-1','4.0.0.0','null','null','roberto','PRODUCTION','CHASSIS','2030-09-16 17:55:00','2030-09-16 18:48:00','0000-00-00 00:00:00',0,'FAILED','TESTREPORT[1405201608700043][CHASSIS][SWDL][LC-1][CELL2][20160930T175524][FAILED].xml','C:workmfgdata	estreportsTESTREPORT[1405201608700043][CHASSIS][SWDL][LC-1][CELL2][20160930T175524]','TRACE[1405201608700043][CHASSIS][SWDL][LC-1][CELL2][20160930T175524].log','null','null','2008-11-16 09:21:00','0000-00-00 00:00:00'),(2147483647,'150-1005-000','S243655X6816603','null','1405',8,'SWDL','LC-1','4.0.0.0','null','null','Roberto','PRODUCTION','CHASSIS','2004-10-16 15:55:00','2004-10-16 16:48:00','0000-00-00 00:00:00',0,'PASSED','TESTREPORT[1405201608700043][CHASSIS][SWDL][LC-1][CELL8][20161004T155541][PASSED].xml','C:workmfgdata	estreportsTESTREPORT[1405201608700043][CHASSIS][SWDL][LC-1][CELL8][20161004T155541]','TRACE[1405201608700043][CHASSIS][SWDL][LC-1][CELL8][20161004T155541].log','null','null','2008-11-16 09:22:00','0000-00-00 00:00:00'),(2147483647,'150-1005-000','S243655X6816603','null','1405',11,'SWDL','LC-1','4.0.0.0','null','null','Roberto','PRODUCTION','CHASSIS','2010-10-16 16:10:00','2010-10-16 17:03:00','0000-00-00 00:00:00',0,'PASSED','TESTREPORT[1405201608700043][CHASSIS][SWDL][LC-1][CELL11][20161010T161040][PASSED].xml','C:workmfgdata	estreportsTESTREPORT[1405201608700043][CHASSIS][SWDL][LC-1][CELL11][20161010T161040]','TRACE[1405201608700043][CHASSIS][SWDL][LC-1][CELL11][20161010T161040].log','null','null','2008-11-16 09:21:00','0000-00-00 00:00:00'),(2147483647,'150-1005-000','S243655X6816603','TR-1405-5GB-AC','1405',7,'LICCONF','LC-1','4.0.0.2','null','null','Roberto','PRODUCTION','CHASSIS','2024-10-16 15:05:00','2024-10-16 15:14:00','0000-00-00 00:00:00',0,'PASSED','TESTREPORT[1405201608700043][CHASSIS][LICCONF][LC-1][CELL7][20161024T150518][PASSED].xml','C:workmfgdata	estreportsTESTREPORT[1405201608700043][CHASSIS][LICCONF][LC-1][CELL7][20161024T150518]','TRACE[1405201608700043][CHASSIS][LICCONF][LC-1][CELL7][20161024T150518].log','null','null','2008-11-16 09:21:00','0000-00-00 00:00:00'),(2147483647,'101-0023-000','S245741X6907121','PT-1405-1GE-ADNSGD-AC','1405',2,'CTO','LC-2','4.0.0.2','null','null','Roberto','PRODUCTION','CHASSIS','2028-10-16 10:06:00','2028-10-16 11:04:00','2002-01-01 00:00:00',0,'PASSED','TESTREPORT[1405201609700003][CHASSIS][CTO][LC-2][CELL2][20161028T100608][PASSED].xml','C:workmfgdata	estreportsTESTREPORT[1405201609700003][CHASSIS][CTO][LC-2][CELL2][20161028T100608]','TRACE[1405201609700003][CHASSIS][CTO][LC-2][CELL2][20161028T100608].log','null','null','2008-11-16 09:22:00','0000-00-00 00:00:00'),(2147483647,'101-0025-000','S245741X6907121','PT-1405-1GE-HW-AC','1405',1,'LICCONF','LC-1','4.0.0.2','null','null','Roberto','PRODUCTION','CHASSIS','2031-10-16 16:18:00','2031-10-16 16:30:00','0000-00-00 00:00:00',0,'FAILED','TESTREPORT[1405201609700003][CHASSIS][LICCONF][LC-1][CELL1][20161031T161821][FAILED].xml','C:workmfgdata	estreportsTESTREPORT[1405201609700003][CHASSIS][LICCONF][LC-1][CELL1][20161031T161821]','TRACE[1405201609700003][CHASSIS][LICCONF][LC-1][CELL1][20161031T161821].log','null','null','2008-11-16 09:23:00','0000-00-00 00:00:00'),(2147483647,'101-0025-000','S245741X6907121','PT-1405-1GE-HW-AC','1405',1,'LICCONF','LC-1','4.0.0.2','null','null','Roberto','PRODUCTION','CHASSIS','2031-10-16 16:32:00','2031-10-16 16:44:00','0000-00-00 00:00:00',0,'FAILED','TESTREPORT[1405201609700003][CHASSIS][LICCONF][LC-1][CELL1][20161031T163221][FAILED].xml','C:workmfgdata	estreportsTESTREPORT[1405201609700003][CHASSIS][LICCONF][LC-1][CELL1][20161031T163221]','TRACE[1405201609700003][CHASSIS][LICCONF][LC-1][CELL1][20161031T163221].log','null','null','2008-11-16 09:23:00','0000-00-00 00:00:00'),(2147483647,'101-0025-000','S245741X6907121','PT-1405-1GE-HW-AC','1405',1,'LICCONF','LC-1','4.0.0.2','null','null','Roberto','PRODUCTION','CHASSIS','2031-10-16 16:48:00','2031-10-16 17:00:00','0000-00-00 00:00:00',0,'PASSED','TESTREPORT[1405201609700003][CHASSIS][LICCONF][LC-1][CELL1][20161031T164802][PASSED].xml','C:workmfgdata	estreportsTESTREPORT[1405201609700003][CHASSIS][LICCONF][LC-1][CELL1][20161031T164802]','TRACE[1405201609700003][CHASSIS][LICCONF][LC-1][CELL1][20161031T164802].log','null','null','2008-11-16 09:23:00','0000-00-00 00:00:00'),(2147483647,'101-0023-000','S245741X6926589','PT-1405-1GE-ADNSGD-AC','1405',1,'CTO','LC-2','4.0.0.2','null','null','Roberto','PRODUCTION','CHASSIS','2014-10-16 17:13:00','2014-10-16 18:11:00','0000-00-00 00:00:00',0,'PASSED','TESTREPORT[1405201609700032][CHASSIS][CTO][LC-2][CELL1][20161014T171351][PASSED].xml','C:workmfgdata	estreportsTESTREPORT[1405201609700032][CHASSIS][CTO][LC-2][CELL1][20161014T171351]','TRACE[1405201609700032][CHASSIS][CTO][LC-2][CELL1][20161014T171351].log','null','null','2008-11-16 09:23:00','0000-00-00 00:00:00'),(2147483647,'101-0023-000','S245741X6926589','PT-1405-1GE-ADNSGD-AC','1405',1,'CTO','LC-2','4.0.0.2','null','null','Roberto','PRODUCTION','CHASSIS','2017-10-16 15:10:00','2017-10-16 16:07:00','0000-00-00 00:00:00',0,'PASSED','TESTREPORT[1405201609700032][CHASSIS][CTO][LC-2][CELL1][20161017T151021][PASSED].xml','C:workmfgdata	estreportsTESTREPORT[1405201609700032][CHASSIS][CTO][LC-2][CELL1][20161017T151021]','TRACE[1405201609700032][CHASSIS][CTO][LC-2][CELL1][20161017T151021].log','null','null','2008-11-16 09:23:00','0000-00-00 00:00:00'),(2147483647,'101-0023-000','S245741X6926590','PT-1405-1GE-ADNSGD-AC','1405',2,'CTO','LC-2','4.0.0.2','null','null','Roberto','PRODUCTION','CHASSIS','2017-10-16 15:46:00','2017-10-16 15:51:00','0000-00-00 00:00:00',0,'FAILED','TESTREPORT[1405201609700033][CHASSIS][CTO][LC-2][CELL2][20161017T154640][FAILED].xml','C:workmfgdata	estreportsTESTREPORT[1405201609700033][CHASSIS][CTO][LC-2][CELL2][20161017T154640]','TRACE[1405201609700033][CHASSIS][CTO][LC-2][CELL2][20161017T154640].log','null','null','2008-11-16 09:24:00','0000-00-00 00:00:00'),(2147483647,'101-0023-000','S245741X6926590','PT-1405-1GE-ADNSGD-AC','1405',2,'CTO','LC-2','4.0.0.2','null','null','Roberto','PRODUCTION','CHASSIS','2017-10-16 17:45:00','2017-10-16 18:43:00','0000-00-00 00:00:00',0,'PASSED','TESTREPORT[1405201609700033][CHASSIS][CTO][LC-2][CELL2][20161017T174500][PASSED].xml','C:workmfgdata	estreportsTESTREPORT[1405201609700033][CHASSIS][CTO][LC-2][CELL2][20161017T174500]','TRACE[1405201609700033][CHASSIS][CTO][LC-2][CELL2][20161017T174500].log','null','null','2008-11-16 09:24:00','0000-00-00 00:00:00'),(2147483647,'150-1004-000','S245741X6926591','149196','1405',7,'LICCONF','LC-1','4.0.0.2','null','null','TIN','PRODUCTION','CHASSIS','2019-10-16 14:48:00','2019-10-16 14:59:00','0000-00-00 00:00:00',0,'PASSED','TESTREPORT[1405201609700034][CHASSIS][LICCONF][LC-1][CELL7][20161019T144859][PASSED].xml','C:workmfgdata	estreportsTESTREPORT[1405201609700034][CHASSIS][LICCONF][LC-1][CELL7][20161019T144859]','TRACE[1405201609700034][CHASSIS][LICCONF][LC-1][CELL7][20161019T144859].log','null','null','2008-11-16 09:24:00','0000-00-00 00:00:00'),(2147483647,'150-1004-000','S245741X6926591','TE-1415-NS1-AC','1405',7,'LICCONF','LC-1','4.0.0.2','null','null','TIN','PRODUCTION','CHASSIS','2019-10-16 15:04:00','2019-10-16 15:13:00','0000-00-00 00:00:00',0,'PASSED','TESTREPORT[1405201609700034][CHASSIS][LICCONF][LC-1][CELL7][20161019T150413][PASSED].xml','C:workmfgdata	estreportsTESTREPORT[1405201609700034][CHASSIS][LICCONF][LC-1][CELL7][20161019T150413]','TRACE[1405201609700034][CHASSIS][LICCONF][LC-1][CELL7][20161019T150413].log','null','null','2008-11-16 09:24:00','0000-00-00 00:00:00'),(2147483647,'150-1004-000','S245741X6926592','TE-1415-NS1-AC','1405',8,'LICCONF','LC-1','4.0.0.2','null','null','TIN','PRODUCTION','CHASSIS','2019-10-16 14:49:00','2019-10-16 15:00:00','0000-00-00 00:00:00',0,'PASSED','TESTREPORT[1405201609700035][CHASSIS][LICCONF][LC-1][CELL8][20161019T144949][PASSED].xml','C:workmfgdata	estreportsTESTREPORT[1405201609700035][CHASSIS][LICCONF][LC-1][CELL8][20161019T144949]','TRACE[1405201609700035][CHASSIS][LICCONF][LC-1][CELL8][20161019T144949].log','null','null','2008-11-16 09:24:00','0000-00-00 00:00:00'),(2147483647,'150-1004-000','S242467X6926596','TE-1405-HW-AC','1405',6,'LICCONF','LC-1','4.0.0.2','null','null','Roberto','PRODUCTION','CHASSIS','2031-10-16 16:20:00','2031-10-16 16:28:00','0000-00-00 00:00:00',0,'FAILED','TESTREPORT[1405201609700039][CHASSIS][LICCONF][LC-1][CELL6][20161031T162012][FAILED].xml','C:workmfgdata	estreportsTESTREPORT[1405201609700039][CHASSIS][LICCONF][LC-1][CELL6][20161031T162012]','TRACE[1405201609700039][CHASSIS][LICCONF][LC-1][CELL6][20161031T162012].log','null','null','2008-11-16 09:25:00','0000-00-00 00:00:00'),(2147483647,'150-1004-000','S242467X6926596','TE-1405-HW-AC','1405',6,'LICCONF','LC-1','4.0.0.2','null','null','Roberto','PRODUCTION','CHASSIS','2031-10-16 16:58:00','2031-10-16 17:08:00','0000-00-00 00:00:00',0,'PASSED','TESTREPORT[1405201609700039][CHASSIS][LICCONF][LC-1][CELL6][20161031T165826][PASSED].xml','C:workmfgdata	estreportsTESTREPORT[1405201609700039][CHASSIS][LICCONF][LC-1][CELL6][20161031T165826]','TRACE[1405201609700039][CHASSIS][LICCONF][LC-1][CELL6][20161031T165826].log','null','null','2008-11-16 09:25:00','0000-00-00 00:00:00'),(2147483647,'101-0007-000','S242467X6926597','TE-1415-NS1GD-AC','1405',7,'LICCONF','LC-1','4.0.0.2','null','null','TIN','PRODUCTION','CHASSIS','2018-10-16 13:29:00','2018-10-16 13:38:00','0000-00-00 00:00:00',0,'PASSED','TESTREPORT[1405201609700040][CHASSIS][LICCONF][LC-1][CELL7][20161018T132916][PASSED].xml','C:workmfgdata	estreportsTESTREPORT[1405201609700040][CHASSIS][LICCONF][LC-1][CELL7][20161018T132916]','TRACE[1405201609700040][CHASSIS][LICCONF][LC-1][CELL7][20161018T132916].log','null','null','2008-11-16 09:25:00','0000-00-00 00:00:00'),(2147483647,'150-1004-000','S242467X6926600','TE-1405-HW-AC','1405',5,'LICCONF','LC-1','4.0.0.2','null','null','Roberto','PRODUCTION','CHASSIS','2031-10-16 16:19:00','2031-10-16 16:30:00','0000-00-00 00:00:00',0,'PASSED','TESTREPORT[1405201609700043][CHASSIS][LICCONF][LC-1][CELL5][20161031T161951][PASSED].xml','C:workmfgdata	estreportsTESTREPORT[1405201609700043][CHASSIS][LICCONF][LC-1][CELL5][20161031T161951]','TRACE[1405201609700043][CHASSIS][LICCONF][LC-1][CELL5][20161031T161951].log','null','null','2008-11-16 09:25:00','0000-00-00 00:00:00'),(2147483647,'150-1009-000','S252909X6939593','ND-1405-NIGD-AC','1405',8,'LICCONF','LC-1','4.0.0.2','null','null','Roberto','PRODUCTION','CHASSIS','2026-10-16 13:53:00','2026-10-16 14:02:00','0000-00-00 00:00:00',0,'FAILED','TESTREPORT[1405201609700070][CHASSIS][LICCONF][LC-1][CELL8][20161026T135335][FAILED].xml','C:workmfgdata	estreportsTESTREPORT[1405201609700070][CHASSIS][LICCONF][LC-1][CELL8][20161026T135335]','TRACE[1405201609700070][CHASSIS][LICCONF][LC-1][CELL8][20161026T135335].log','null','null','2008-11-16 09:25:00','0000-00-00 00:00:00'),(2147483647,'150-1009-000','S252909X6939593','null','1405',8,'SWDL','LC-1','4.0.0.2','null','null','Roberto','PRODUCTION','CHASSIS','2026-10-16 15:16:00','2026-10-16 16:10:00','0000-00-00 00:00:00',0,'FAILED','TESTREPORT[1405201609700070][CHASSIS][SWDL][LC-1][CELL8][20161026T151603][FAILED].xml','C:workmfgdata	estreportsTESTREPORT[1405201609700070][CHASSIS][SWDL][LC-1][CELL8][20161026T151603]','TRACE[1405201609700070][CHASSIS][SWDL][LC-1][CELL8][20161026T151603].log','null','null','2008-11-16 09:26:00','0000-00-00 00:00:00'),(2147483647,'150-1009-000','S252909X6939593','null','1405',8,'SWDL','LC-1','4.0.0.2','null','null','Roberto','PRODUCTION','CHASSIS','2026-10-16 16:25:00','2026-10-16 17:19:00','0000-00-00 00:00:00',0,'PASSED','TESTREPORT[1405201609700070][CHASSIS][SWDL][LC-1][CELL8][20161026T162559][PASSED].xml','C:workmfgdata	estreportsTESTREPORT[1405201609700070][CHASSIS][SWDL][LC-1][CELL8][20161026T162559]','TRACE[1405201609700070][CHASSIS][SWDL][LC-1][CELL8][20161026T162559].log','null','null','2008-11-16 09:26:00','0000-00-00 00:00:00'),(2147483647,'150-1009-000','S252909X6939593','ND-1405-NIGD-AC','1405',8,'LICCONF','LC-1','4.0.0.2','null','null','Roberto','PRODUCTION','CHASSIS','2026-10-16 17:24:00','2026-10-16 17:33:00','0000-00-00 00:00:00',0,'FAILED','TESTREPORT[1405201609700070][CHASSIS][LICCONF][LC-1][CELL8][20161026T172405][FAILED].xml','C:workmfgdata	estreportsTESTREPORT[1405201609700070][CHASSIS][LICCONF][LC-1][CELL8][20161026T172405]','TRACE[1405201609700070][CHASSIS][LICCONF][LC-1][CELL8][20161026T172405].log','null','null','2008-11-16 09:26:00','0000-00-00 00:00:00'),(2147483647,'150-1009-000','S252909X6939593','ND-1405-NIGD-AC','1405',8,'LICCONF','LC-1','4.0.0.2','null','null','Roberto','PRODUCTION','CHASSIS','2026-10-16 17:35:00','2026-10-16 17:44:00','0000-00-00 00:00:00',0,'PASSED','TESTREPORT[1405201609700070][CHASSIS][LICCONF][LC-1][CELL8][20161026T173503][PASSED].xml','C:workmfgdata	estreportsTESTREPORT[1405201609700070][CHASSIS][LICCONF][LC-1][CELL8][20161026T173503]','TRACE[1405201609700070][CHASSIS][LICCONF][LC-1][CELL8][20161026T173503].log','null','null','2008-11-16 09:26:00','0000-00-00 00:00:00'),(2147483647,'150-1004-000','S245741X6A23570','TE-1415-NS1-AC','1405',9,'LICCONF','LC-1','4.0.0.2','null','null','Roberto','PRODUCTION','CHASSIS','2027-10-16 10:31:00','2027-10-16 10:45:00','2002-01-01 00:00:00',0,'PASSED','TESTREPORT[1405201610700015][CHASSIS][LICCONF][LC-1][CELL9][20161027T103115][PASSED].xml','C:workmfgdata	estreportsTESTREPORT[1405201610700015][CHASSIS][LICCONF][LC-1][CELL9][20161027T103115]','TRACE[1405201610700015][CHASSIS][LICCONF][LC-1][CELL9][20161027T103115].log','null','null','2008-11-16 09:26:00','0000-00-00 00:00:00'),(2147483647,'150-1004-000','S245741X6A23571','TE-1405-OSS-AC','1405',2,'LICCONF','LC-1','4.0.0.2','null','null','Roberto','PRODUCTION','CHASSIS','2027-10-16 13:21:00','2027-10-16 13:34:00','0000-00-00 00:00:00',0,'PASSED','TESTREPORT[1405201610700016][CHASSIS][LICCONF][LC-1][CELL2][20161027T132115][PASSED].xml','C:workmfgdata	estreportsTESTREPORT[1405201610700016][CHASSIS][LICCONF][LC-1][CELL2][20161027T132115]','TRACE[1405201610700016][CHASSIS][LICCONF][LC-1][CELL2][20161027T132115].log','null','null','2008-11-16 09:27:00','0000-00-00 00:00:00'),(2147483647,'150-1004-000','S245741X6A23572','TE-1405-OSS-AC','1405',3,'LICCONF','LC-1','4.0.0.2','null','null','Roberto','PRODUCTION','CHASSIS','2027-10-16 13:21:00','2027-10-16 13:32:00','0000-00-00 00:00:00',0,'PASSED','TESTREPORT[1405201610700017][CHASSIS][LICCONF][LC-1][CELL3][20161027T132139][PASSED].xml','C:workmfgdata	estreportsTESTREPORT[1405201610700017][CHASSIS][LICCONF][LC-1][CELL3][20161027T132139]','TRACE[1405201610700017][CHASSIS][LICCONF][LC-1][CELL3][20161027T132139].log','null','null','2008-11-16 09:27:00','0000-00-00 00:00:00'),(2147483647,'101-0023-000','S245741X6A23574','PT-1405-1GE-ADNSGD-AC','1405',9,'CTO','LC-2','4.0.0.2','null','null','Roberto','PRODUCTION','CHASSIS','2028-10-16 11:45:00','2028-10-16 12:42:00','2002-01-01 00:00:00',0,'PASSED','TESTREPORT[1405201610700019][CHASSIS][CTO][LC-2][CELL9][20161028T114519][PASSED].xml','C:workmfgdata	estreportsTESTREPORT[1405201610700019][CHASSIS][CTO][LC-2][CELL9][20161028T114519]','TRACE[1405201610700019][CHASSIS][CTO][LC-2][CELL9][20161028T114519].log','null','null','2008-11-16 09:27:00','0000-00-00 00:00:00'),(2147483647,'101-0023-000','S245741X6A23575','PT-1405-1GE-ADNSGD-AC','1405',3,'CTO','LC-2','4.0.0.2','null','null','Roberto','PRODUCTION','CHASSIS','2028-10-16 10:06:00','2028-10-16 10:36:00','2002-01-01 00:00:00',0,'FAILED','TESTREPORT[1405201610700020][CHASSIS][CTO][LC-2][CELL3][20161028T100646][FAILED].xml','C:workmfgdata	estreportsTESTREPORT[1405201610700020][CHASSIS][CTO][LC-2][CELL3][20161028T100646]','TRACE[1405201610700020][CHASSIS][CTO][LC-2][CELL3][20161028T100646].log','null','null','2008-11-16 09:27:00','0000-00-00 00:00:00'),(2147483647,'101-0023-000','S245741X6A23575','PT-1405-1GE-ADNSGD-AC','1405',3,'CTO','LC-2','4.0.0.2','null','null','Roberto','PRODUCTION','CHASSIS','2028-10-16 10:37:00','2028-10-16 11:35:00','2002-01-01 00:00:00',0,'PASSED','TESTREPORT[1405201610700020][CHASSIS][CTO][LC-2][CELL3][20161028T103751][PASSED].xml','C:workmfgdata	estreportsTESTREPORT[1405201610700020][CHASSIS][CTO][LC-2][CELL3][20161028T103751]','TRACE[1405201610700020][CHASSIS][CTO][LC-2][CELL3][20161028T103751].log','null','null','2008-11-16 09:27:00','0000-00-00 00:00:00'),(2147483647,'101-0025-000','S245741X6A23575','PT-1405-1GE-HW-AC','1405',4,'LICCONF','LC-1','4.0.0.2','null','null','Roberto','PRODUCTION','CHASSIS','2031-10-16 16:19:00','2031-10-16 16:34:00','0000-00-00 00:00:00',0,'FAILED','TESTREPORT[1405201610700020][CHASSIS][LICCONF][LC-1][CELL4][20161031T161929][FAILED].xml','C:workmfgdata	estreportsTESTREPORT[1405201610700020][CHASSIS][LICCONF][LC-1][CELL4][20161031T161929]','TRACE[1405201610700020][CHASSIS][LICCONF][LC-1][CELL4][20161031T161929].log','null','null','2008-11-16 09:28:00','0000-00-00 00:00:00'),(2147483647,'101-0025-000','S245741X6A23575','PT-1405-1GE-HW-AC','1405',4,'LICCONF','LC-1','4.0.0.2','null','null','Roberto','PRODUCTION','CHASSIS','2031-10-16 16:37:00','2031-10-16 16:49:00','0000-00-00 00:00:00',0,'TERMIN','TESTREPORT[1405201610700020][CHASSIS][LICCONF][LC-1][CELL4][20161031T163743][TERMINATED].xml','C:workmfgdata	estreportsTESTREPORT[1405201610700020][CHASSIS][LICCONF][LC-1][CELL4][20161031T163743]','TRACE[1405201610700020][CHASSIS][LICCONF][LC-1][CELL4][20161031T163743].log','null','null','2008-11-16 09:28:00','0000-00-00 00:00:00'),(2147483647,'101-0025-000','S245741X6A23575','PT-1405-1GE-HW-AC','1405',4,'LICCONF','LC-1','4.0.0.2','null','null','Roberto','PRODUCTION','CHASSIS','2031-10-16 16:50:00','2031-10-16 17:01:00','0000-00-00 00:00:00',0,'FAILED','TESTREPORT[1405201610700020][CHASSIS][LICCONF][LC-1][CELL4][20161031T165005][FAILED].xml','C:workmfgdata	estreportsTESTREPORT[1405201610700020][CHASSIS][LICCONF][LC-1][CELL4][20161031T165005]','TRACE[1405201610700020][CHASSIS][LICCONF][LC-1][CELL4][20161031T165005].log','null','null','2008-11-16 09:28:00','0000-00-00 00:00:00'),(2147483647,'101-0025-000','S245741X6A23575','PT-1405-1GE-HW-AC','1405',4,'LICCONF','LC-1','4.0.0.2','null','null','Roberto','PRODUCTION','CHASSIS','2031-10-16 17:08:00','2031-10-16 17:21:00','0000-00-00 00:00:00',0,'PASSED','TESTREPORT[1405201610700020][CHASSIS][LICCONF][LC-1][CELL4][20161031T170845][PASSED].xml','C:workmfgdata	estreportsTESTREPORT[1405201610700020][CHASSIS][LICCONF][LC-1][CELL4][20161031T170845]','TRACE[1405201610700020][CHASSIS][LICCONF][LC-1][CELL4][20161031T170845].log','null','null','2008-11-16 09:28:00','0000-00-00 00:00:00'),(2147483647,'101-0023-000','S245741X6816576','PT-1405-1GE-ADNSGD-AC','1405',9,'CTO','LC-2','4.0.0.2','null','null','Roberto','PRODUCTION','CHASSIS','2027-10-16 15:21:00','2027-10-16 16:19:00','0000-00-00 00:00:00',0,'PASSED','TESTREPORT[1405201610700021][CHASSIS][CTO][LC-2][CELL9][20161027T152101][PASSED].xml','C:workmfgdata	estreportsTESTREPORT[1405201610700021][CHASSIS][CTO][LC-2][CELL9][20161027T152101]','TRACE[1405201610700021][CHASSIS][CTO][LC-2][CELL9][20161027T152101].log','null','null','2008-11-16 09:28:00','0000-00-00 00:00:00'),(2147483647,'101-0023-000','S245741X6A23577','PT-1405-1GE-ADNSGD-AC','1405',4,'CTO','LC-2','4.0.0.2','null','null','Roberto','PRODUCTION','CHASSIS','2028-10-16 10:16:00','2028-10-16 11:13:00','2002-01-01 00:00:00',0,'PASSED','TESTREPORT[1405201610700022][CHASSIS][CTO][LC-2][CELL4][20161028T101645][PASSED].xml','C:workmfgdata	estreportsTESTREPORT[1405201610700022][CHASSIS][CTO][LC-2][CELL4][20161028T101645]','TRACE[1405201610700022][CHASSIS][CTO][LC-2][CELL4][20161028T101645].log','null','null','2008-11-16 09:29:00','0000-00-00 00:00:00'),(2147483647,'101-0025-000','S245741X6A23577','PT-1405-1GE-HW-AC','1405',2,'LICCONF','LC-1','4.0.0.2','null','null','Roberto','PRODUCTION','CHASSIS','2031-10-16 16:18:00','2031-10-16 16:30:00','0000-00-00 00:00:00',0,'FAILED','TESTREPORT[1405201610700022][CHASSIS][LICCONF][LC-1][CELL2][20161031T161835][FAILED].xml','C:workmfgdata	estreportsTESTREPORT[1405201610700022][CHASSIS][LICCONF][LC-1][CELL2][20161031T161835]','TRACE[1405201610700022][CHASSIS][LICCONF][LC-1][CELL2][20161031T161835].log','null','null','2008-11-16 09:29:00','0000-00-00 00:00:00'),(2147483647,'101-0025-000','S245741X6A23577','PT-1405-1GE-HW-AC','1405',2,'LICCONF','LC-1','4.0.0.2','null','null','Roberto','PRODUCTION','CHASSIS','2031-10-16 16:36:00','2031-10-16 16:48:00','0000-00-00 00:00:00',0,'FAILED','TESTREPORT[1405201610700022][CHASSIS][LICCONF][LC-1][CELL2][20161031T163659][FAILED].xml','C:workmfgdata	estreportsTESTREPORT[1405201610700022][CHASSIS][LICCONF][LC-1][CELL2][20161031T163659]','TRACE[1405201610700022][CHASSIS][LICCONF][LC-1][CELL2][20161031T163659].log','null','null','2008-11-16 09:29:00','0000-00-00 00:00:00'),(2147483647,'101-0025-000','S245741X6A23577','PT-1405-1GE-HW-AC','1405',2,'LICCONF','LC-1','4.0.0.2','null','null','Roberto','PRODUCTION','CHASSIS','2031-10-16 16:48:00','2031-10-16 17:01:00','0000-00-00 00:00:00',0,'PASSED','TESTREPORT[1405201610700022][CHASSIS][LICCONF][LC-1][CELL2][20161031T164854][PASSED].xml','C:workmfgdata	estreportsTESTREPORT[1405201610700022][CHASSIS][LICCONF][LC-1][CELL2][20161031T164854]','TRACE[1405201610700022][CHASSIS][LICCONF][LC-1][CELL2][20161031T164854].log','null','null','2008-11-16 09:29:00','0000-00-00 00:00:00'),(2147483647,'101-0023-000','S245741X6A23578','PT-1405-1GE-ADNSGD-AC','1405',1,'CTO','LC-2','4.0.0.2','null','null','Roberto','PRODUCTION','CHASSIS','2028-10-16 10:05:00','2028-10-16 11:03:00','2002-01-01 00:00:00',0,'PASSED','TESTREPORT[1405201610700023][CHASSIS][CTO][LC-2][CELL1][20161028T100531][PASSED].xml','C:workmfgdata	estreportsTESTREPORT[1405201610700023][CHASSIS][CTO][LC-2][CELL1][20161028T100531]','TRACE[1405201610700023][CHASSIS][CTO][LC-2][CELL1][20161028T100531].log','null','null','2008-11-16 09:29:00','0000-00-00 00:00:00'),(2147483647,'101-0026-000','S245741X6A23578','PT-1405-1GE-HW-DC','1405',5,'CTO','LC-2','4.0.0.2','null','null','Roberto','PRODUCTION','CHASSIS','2031-10-16 10:13:00','2031-10-16 11:08:00','2002-01-01 00:00:00',0,'TERMIN','TESTREPORT[1405201610700023][CHASSIS][CTO][LC-2][CELL5][20161031T101351][TERMINATED].xml','C:workmfgdata	estreportsTESTREPORT[1405201610700023][CHASSIS][CTO][LC-2][CELL5][20161031T101351]','TRACE[1405201610700023][CHASSIS][CTO][LC-2][CELL5][20161031T101351].log','null','null','2008-11-16 09:30:00','0000-00-00 00:00:00'),(2147483647,'101-0026-000','S245741X6A23578','PT-1405-1GE-HW-DC','1405',5,'CTO','LC-2','4.0.0.2','null','null','Roberto','PRODUCTION','CHASSIS','2031-10-16 11:09:00','2031-10-16 12:06:00','2002-01-01 00:00:00',0,'PASSED','TESTREPORT[1405201610700023][CHASSIS][CTO][LC-2][CELL5][20161031T110926][PASSED].xml','C:workmfgdata	estreportsTESTREPORT[1405201610700023][CHASSIS][CTO][LC-2][CELL5][20161031T110926]','TRACE[1405201610700023][CHASSIS][CTO][LC-2][CELL5][20161031T110926].log','null','null','2008-11-16 09:30:00','0000-00-00 00:00:00'),(2147483647,'101-0026-000','S245741X6A23578','PT-1405-1GE-HW-DC','1405',7,'LICCONF','LC-1','4.0.0.2','null','null','Roberto','PRODUCTION','CHASSIS','2031-10-16 16:07:00','2031-10-16 16:07:00','0000-00-00 00:00:00',0,'TERMIN','TESTREPORT[1405201610700023][CHASSIS][LICCONF][LC-1][CELL7][20161031T160714][TERMINATED].xml','C:workmfgdata	estreportsTESTREPORT[1405201610700023][CHASSIS][LICCONF][LC-1][CELL7][20161031T160714]','TRACE[1405201610700023][CHASSIS][LICCONF][LC-1][CELL7][20161031T160714].log','null','null','2008-11-16 09:30:00','0000-00-00 00:00:00'),(2147483647,'101-0026-000','S245741X6A23578','PT-1405-1GE-HW-DC','1405',8,'LICCONF','LC-1','4.0.0.2','null','null','Roberto','PRODUCTION','CHASSIS','2031-10-16 16:08:00','2031-10-16 16:20:00','0000-00-00 00:00:00',0,'PASSED','TESTREPORT[1405201610700023][CHASSIS][LICCONF][LC-1][CELL8][20161031T160846][PASSED].xml','C:workmfgdata	estreportsTESTREPORT[1405201610700023][CHASSIS][LICCONF][LC-1][CELL8][20161031T160846]','TRACE[1405201610700023][CHASSIS][LICCONF][LC-1][CELL8][20161031T160846].log','null','null','2008-11-16 09:30:00','0000-00-00 00:00:00'),(2147483647,'101-0024-000','S245741X6A23579','PT-1405-1GE-ADNSGD-DC','1405',9,'CTO','LC-2','4.0.0.2','null','null','Roberto','PRODUCTION','CHASSIS','2028-10-16 15:02:00','2028-10-16 15:06:00','0000-00-00 00:00:00',0,'FAILED','TESTREPORT[1405201610700024][CHASSIS][CTO][LC-2][CELL9][20161028T150223][FAILED].xml','C:workmfgdata	estreportsTESTREPORT[1405201610700024][CHASSIS][CTO][LC-2][CELL9][20161028T150223]','TRACE[1405201610700024][CHASSIS][CTO][LC-2][CELL9][20161028T150223].log','null','null','2008-11-16 09:31:00','0000-00-00 00:00:00'),(2147483647,'101-0024-000','S245741X6A23579','PT-1405-1GE-ADNSGD-DC','1405',9,'CTO','LC-2','4.0.0.2','null','null','Roberto','PRODUCTION','CHASSIS','2028-10-16 15:08:00','2028-10-16 15:13:00','0000-00-00 00:00:00',0,'FAILED','TESTREPORT[1405201610700024][CHASSIS][CTO][LC-2][CELL9][20161028T150858][FAILED].xml','C:workmfgdata	estreportsTESTREPORT[1405201610700024][CHASSIS][CTO][LC-2][CELL9][20161028T150858]','TRACE[1405201610700024][CHASSIS][CTO][LC-2][CELL9][20161028T150858].log','null','null','2008-11-16 09:31:00','0000-00-00 00:00:00'),(2147483647,'101-0024-000','S245741X6A23579','PT-1405-1GE-ADNSGD-DC','1405',9,'CTO','LC-2','4.0.0.2','null','null','Roberto','PRODUCTION','CHASSIS','2028-10-16 15:18:00','2028-10-16 16:19:00','0000-00-00 00:00:00',0,'PASSED','TESTREPORT[1405201610700024][CHASSIS][CTO][LC-2][CELL9][20161028T151855][PASSED].xml','C:workmfgdata	estreportsTESTREPORT[1405201610700024][CHASSIS][CTO][LC-2][CELL9][20161028T151855]','TRACE[1405201610700024][CHASSIS][CTO][LC-2][CELL9][20161028T151855].log','null','null','2008-11-16 09:31:00','0000-00-00 00:00:00'),(2147483647,'101-0026-000','S245741X6A23579','PT-1405-1GE-HW-DC','1405',9,'LICCONF','LC-1','4.0.0.2','null','null','Roberto','PRODUCTION','CHASSIS','2031-10-16 16:09:00','2031-10-16 16:22:00','0000-00-00 00:00:00',0,'PASSED','TESTREPORT[1405201610700024][CHASSIS][LICCONF][LC-1][CELL9][20161031T160905][PASSED].xml','C:workmfgdata	estreportsTESTREPORT[1405201610700024][CHASSIS][LICCONF][LC-1][CELL9][20161031T160905]','TRACE[1405201610700024][CHASSIS][LICCONF][LC-1][CELL9][20161031T160905].log','null','null','2008-11-16 09:31:00','0000-00-00 00:00:00'),(2147483647,'150-1009-000','S252909X6A23582','null','1405',2,'SWDL','LC-1','4.0.0.2','null','null','Roberto','PRODUCTION','CHASSIS','2026-10-16 16:07:00','2026-10-16 16:27:00','0000-00-00 00:00:00',0,'TERMIN','TESTREPORT[1405201610700025][CHASSIS][SWDL][LC-1][CELL2][20161026T160711][TERMINATED].xml','C:workmfgdata	estreportsTESTREPORT[1405201610700025][CHASSIS][SWDL][LC-1][CELL2][20161026T160711]','TRACE[1405201610700025][CHASSIS][SWDL][LC-1][CELL2][20161026T160711].log','null','null','2008-11-16 09:32:00','0000-00-00 00:00:00'),(2147483647,'150-1009-000','S252909X6A23582','null','1405',2,'SWDL','LC-1','4.0.0.2','null','null','Roberto','PRODUCTION','CHASSIS','2026-10-16 16:27:00','2026-10-16 17:20:00','0000-00-00 00:00:00',0,'PASSED','TESTREPORT[1405201610700025][CHASSIS][SWDL][LC-1][CELL2][20161026T162728][PASSED].xml','C:workmfgdata	estreportsTESTREPORT[1405201610700025][CHASSIS][SWDL][LC-1][CELL2][20161026T162728]','TRACE[1405201610700025][CHASSIS][SWDL][LC-1][CELL2][20161026T162728].log','null','null','2008-11-16 09:32:00','0000-00-00 00:00:00'),(2147483647,'150-1009-000','S252909X6A23582','ND-1405-HW-AC','1405',3,'LICCONF','LC-1','4.0.0.2','null','null','Roberto','PRODUCTION','CHASSIS','2031-10-16 11:14:00','2031-10-16 11:24:00','2002-01-01 00:00:00',0,'PASSED','TESTREPORT[1405201610700025][CHASSIS][LICCONF][LC-1][CELL3][20161031T111416][PASSED].xml','C:workmfgdata	estreportsTESTREPORT[1405201610700025][CHASSIS][LICCONF][LC-1][CELL3][20161031T111416]','TRACE[1405201610700025][CHASSIS][LICCONF][LC-1][CELL3][20161031T111416].log','null','null','2008-11-16 09:31:00','0000-00-00 00:00:00'),(2147483647,'150-1009-000','S252909X6A23583','null','1405',1,'SWDL','LC-1','4.0.0.2','null','null','Roberto','PRODUCTION','CHASSIS','2026-10-16 16:06:00','2026-10-16 16:26:00','0000-00-00 00:00:00',0,'TERMIN','TESTREPORT[1405201610700026][CHASSIS][SWDL][LC-1][CELL1][20161026T160658][TERMINATED].xml','C:workmfgdata	estreportsTESTREPORT[1405201610700026][CHASSIS][SWDL][LC-1][CELL1][20161026T160658]','TRACE[1405201610700026][CHASSIS][SWDL][LC-1][CELL1][20161026T160658].log','null','null','2008-11-16 09:32:00','0000-00-00 00:00:00'),(2147483647,'150-1009-000','S252909X6A23583','null','1405',1,'SWDL','LC-1','4.0.0.2','null','null','Roberto','PRODUCTION','CHASSIS','2026-10-16 16:27:00','2026-10-16 17:16:00','0000-00-00 00:00:00',0,'PASSED','TESTREPORT[1405201610700026][CHASSIS][SWDL][LC-1][CELL1][20161026T162710][PASSED].xml','C:workmfgdata	estreportsTESTREPORT[1405201610700026][CHASSIS][SWDL][LC-1][CELL1][20161026T162710]','TRACE[1405201610700026][CHASSIS][SWDL][LC-1][CELL1][20161026T162710].log','null','null','2008-11-16 09:32:00','0000-00-00 00:00:00'),(2147483647,'101-0026-000','S242467X6A24936','PT-1405-1GE-HW-DC','1405',4,'CTO','LC-2','4.0.0.2','null','null','Roberto','PRODUCTION','CHASSIS','2031-10-16 10:08:00','2031-10-16 11:05:00','2002-01-01 00:00:00',0,'FAILED','TESTREPORT[1405201610700056][CHASSIS][CTO][LC-2][CELL4][20161031T100827][FAILED].xml','C:workmfgdata	estreportsTESTREPORT[1405201610700056][CHASSIS][CTO][LC-2][CELL4][20161031T100827]','TRACE[1405201610700056][CHASSIS][CTO][LC-2][CELL4][20161031T100827].log','null','null','2008-11-16 09:32:00','0000-00-00 00:00:00'),(2147483647,'101-0024-000','S242467X6A24936','PT-1405-1GE-ADNSGD-DC','1405',4,'CTO','LC-2','4.0.0.2','null','null','Roberto','PRODUCTION','CHASSIS','2031-10-16 11:07:00','2031-10-16 12:04:00','2002-01-01 00:00:00',0,'PASSED','TESTREPORT[1405201610700056][CHASSIS][CTO][LC-2][CELL4][20161031T110730][PASSED].xml','C:workmfgdata	estreportsTESTREPORT[1405201610700056][CHASSIS][CTO][LC-2][CELL4][20161031T110730]','TRACE[1405201610700056][CHASSIS][CTO][LC-2][CELL4][20161031T110730].log','null','null','2008-11-16 09:33:00','0000-00-00 00:00:00'),(2147483647,'101-0001-000','S242467X6A24941','TE-1405-HW-DC','1405',11,'CTO','LC-2','4.0.0.2','null','null','Roberto','PRODUCTION','CHASSIS','2028-10-16 20:38:00','2028-10-16 20:39:00','0000-00-00 00:00:00',0,'TERMIN','TESTREPORT[1405201610700061][CHASSIS][CTO][LC-2][CELL11][20161028T203836][TERMINATED].xml','C:workmfgdata	estreportsTESTREPORT[1405201610700061][CHASSIS][CTO][LC-2][CELL11][20161028T203836]','TRACE[1405201610700061][CHASSIS][CTO][LC-2][CELL11][20161028T203836].log','null','null','2008-11-16 09:33:00','0000-00-00 00:00:00'),(2147483647,'101-0001-000','S242467X6A24941','TE-1405-HW-DC','1405',11,'CTO','LC-2','4.0.0.2','null','null','Roberto','PRODUCTION','CHASSIS','2028-10-16 20:40:00','2028-10-16 20:49:00','0000-00-00 00:00:00',0,'PASSED','TESTREPORT[1405201610700061][CHASSIS][CTO][LC-2][CELL11][20161028T204033][PASSED].xml','C:workmfgdata	estreportsTESTREPORT[1405201610700061][CHASSIS][CTO][LC-2][CELL11][20161028T204033]','TRACE[1405201610700061][CHASSIS][CTO][LC-2][CELL11][20161028T204033].log','null','null','2008-11-16 09:33:00','0000-00-00 00:00:00'),(2147483647,'101-0001-000','S242467X6A24943','TE-1405-HW-DC','1405',7,'CTO','LC-2','4.0.0.2','null','null','Roberto','PRODUCTION','CHASSIS','2028-10-16 20:19:00','2028-10-16 20:27:00','0000-00-00 00:00:00',0,'PASSED','TESTREPORT[1405201610700063][CHASSIS][CTO][LC-2][CELL7][20161028T201911][PASSED].xml','C:workmfgdata	estreportsTESTREPORT[1405201610700063][CHASSIS][CTO][LC-2][CELL7][20161028T201911]','TRACE[1405201610700063][CHASSIS][CTO][LC-2][CELL7][20161028T201911].log','null','null','2008-11-16 09:33:00','0000-00-00 00:00:00'),(2147483647,'101-0025-000','S242467X6A24946','PT-1405-1GE-HW-DC','1405',8,'CTO','LC-2','4.0.0.2','null','null','Manoj','PRODUCTION','CHASSIS','2031-10-16 18:11:00','2031-10-16 18:11:00','0000-00-00 00:00:00',0,'FAILED','TESTREPORT[1405201610700066][CHASSIS][CTO][LC-2][CELL8][20161031T181133][FAILED].xml','C:workmfgdata	estreportsTESTREPORT[1405201610700066][CHASSIS][CTO][LC-2][CELL8][20161031T181133]','TRACE[1405201610700066][CHASSIS][CTO][LC-2][CELL8][20161031T181133].log','null','null','2008-11-16 09:33:00','0000-00-00 00:00:00'),(2147483647,'101-0025-000','S242467X6A24946','PT-1405-1GE-HW-AC','1405',8,'CTO','LC-2','4.0.0.2','null','null','Manoj','PRODUCTION','CHASSIS','2031-10-16 18:12:00','2031-10-16 19:06:00','0000-00-00 00:00:00',0,'PASSED','TESTREPORT[1405201610700066][CHASSIS][CTO][LC-2][CELL8][20161031T181236][PASSED].xml','C:workmfgdata	estreportsTESTREPORT[1405201610700066][CHASSIS][CTO][LC-2][CELL8][20161031T181236]','TRACE[1405201610700066][CHASSIS][CTO][LC-2][CELL8][20161031T181236].log','null','null','2008-11-16 09:34:00','0000-00-00 00:00:00'),(2147483647,'101-0026-000','S242467X6A24948','PT-1405-1GE-HW-DC','1405',3,'CTO','LC-2','4.0.0.2','null','null','Roberto','PRODUCTION','CHASSIS','2031-10-16 09:52:00','2031-10-16 10:50:00','2002-01-01 00:00:00',0,'FAILED','TESTREPORT[1405201610700068][CHASSIS][CTO][LC-2][CELL3][20161031T095236][FAILED].xml','C:workmfgdata	estreportsTESTREPORT[1405201610700068][CHASSIS][CTO][LC-2][CELL3][20161031T095236]','TRACE[1405201610700068][CHASSIS][CTO][LC-2][CELL3][20161031T095236].log','null','null','2008-11-16 09:34:00','0000-00-00 00:00:00'),(2147483647,'101-0024-000','S242467X6A24948','PT-1405-1GE-ADNSGD-DC','1405',3,'CTO','LC-2','4.0.0.2','null','null','Roberto','PRODUCTION','CHASSIS','2031-10-16 11:06:00','2031-10-16 12:04:00','2002-01-01 00:00:00',0,'PASSED','TESTREPORT[1405201610700068][CHASSIS][CTO][LC-2][CELL3][20161031T110651][PASSED].xml','C:workmfgdata	estreportsTESTREPORT[1405201610700068][CHASSIS][CTO][LC-2][CELL3][20161031T110651]','TRACE[1405201610700068][CHASSIS][CTO][LC-2][CELL3][20161031T110651].log','null','null','2008-11-16 09:34:00','0000-00-00 00:00:00'),(2147483647,'101-0025-000','S242467X6A24950','PT-1405-1GE-HW-AC','1405',4,'LICCONF','LC-1','4.0.0.2','null','null','Roberto','PRODUCTION','CHASSIS','2031-10-16 15:38:00','2031-10-16 15:47:00','0000-00-00 00:00:00',0,'FAILED','TESTREPORT[1405201610700070][CHASSIS][LICCONF][LC-1][CELL4][20161031T153832][FAILED].xml','C:workmfgdata	estreportsTESTREPORT[1405201610700070][CHASSIS][LICCONF][LC-1][CELL4][20161031T153832]','TRACE[1405201610700070][CHASSIS][LICCONF][LC-1][CELL4][20161031T153832].log','null','null','2008-11-16 09:35:00','0000-00-00 00:00:00'),(2147483647,'101-0025-000','S242467X6A24950','PT-1405-1GE-HW-AC','1405',4,'LICCONF','LC-1','4.0.0.2','null','null','Roberto','PRODUCTION','CHASSIS','2031-10-16 15:48:00','2031-10-16 15:52:00','0000-00-00 00:00:00',0,'TERMIN','TESTREPORT[1405201610700070][CHASSIS][LICCONF][LC-1][CELL4][20161031T154824][TERMINATED].xml','C:workmfgdata	estreportsTESTREPORT[1405201610700070][CHASSIS][LICCONF][LC-1][CELL4][20161031T154824]','TRACE[1405201610700070][CHASSIS][LICCONF][LC-1][CELL4][20161031T154824].log','null','null','2008-11-16 09:35:00','0000-00-00 00:00:00'),(2147483647,'101-0025-000','S242467X6A24950','PT-1405-1GE-HW-AC','1405',4,'CTO','LC-2','4.0.0.2','null','null','Roberto','PRODUCTION','CHASSIS','2031-10-16 16:06:00','2031-10-16 16:06:00','0000-00-00 00:00:00',0,'TERMIN','TESTREPORT[1405201610700070][CHASSIS][CTO][LC-2][CELL4][20161031T160619][TERMINATED].xml','C:workmfgdata	estreportsTESTREPORT[1405201610700070][CHASSIS][CTO][LC-2][CELL4][20161031T160619]','TRACE[1405201610700070][CHASSIS][CTO][LC-2][CELL4][20161031T160619].log','null','null','2008-11-16 09:35:00','0000-00-00 00:00:00'),(2147483647,'101-0025-000','S242467X6A24950','PT-1405-1GE-HW-AC','1405',10,'CTO','LC-2','4.0.0.2','null','null','Roberto','PRODUCTION','CHASSIS','2031-10-16 16:08:00','2031-10-16 16:28:00','0000-00-00 00:00:00',0,'FAILED','TESTREPORT[1405201610700070][CHASSIS][CTO][LC-2][CELL10][20161031T160841][FAILED].xml','C:workmfgdata	estreportsTESTREPORT[1405201610700070][CHASSIS][CTO][LC-2][CELL10][20161031T160841]','TRACE[1405201610700070][CHASSIS][CTO][LC-2][CELL10][20161031T160841].log','null','null','2008-11-16 09:34:00','0000-00-00 00:00:00'),(2147483647,'101-0017-000','S242467X6A24950','TE-1405-10GE-BASE-AC','1405',2,'CTO','LC-2','4.0.0.2','null','null','Manoj','PRODUCTION','CHASSIS','2031-10-16 20:54:00','2031-10-16 20:55:00','0000-00-00 00:00:00',0,'TERMIN','TESTREPORT[1405201610700070][CHASSIS][CTO][LC-2][CELL2][20161031T205435][TERMINATED].xml','C:workmfgdata	estreportsTESTREPORT[1405201610700070][CHASSIS][CTO][LC-2][CELL2][20161031T205435]','TRACE[1405201610700070][CHASSIS][CTO][LC-2][CELL2][20161031T205435].log','null','null','2008-11-16 09:34:00','0000-00-00 00:00:00'),(2147483647,'101-0017-000','S242467X6A24950','TE-1405-10GE-BASE-AC','1405',7,'CTO','LC-2','4.0.0.2','null','null','Manoj','PRODUCTION','CHASSIS','2031-10-16 20:55:00','2031-10-16 20:58:00','0000-00-00 00:00:00',0,'FAILED','TESTREPORT[1405201610700070][CHASSIS][CTO][LC-2][CELL7][20161031T205537][FAILED].xml','C:workmfgdata	estreportsTESTREPORT[1405201610700070][CHASSIS][CTO][LC-2][CELL7][20161031T205537]','TRACE[1405201610700070][CHASSIS][CTO][LC-2][CELL7][20161031T205537].log','null','null','2008-11-16 09:35:00','0000-00-00 00:00:00'),(2147483647,'101-0017-000','S242467X6A24950','TE-1405-10GE-BASE-AC','1405',7,'CTO','LC-2','4.0.0.2','null','null','Manoj','PRODUCTION','CHASSIS','2031-10-16 21:24:00','2031-10-16 21:39:00','0000-00-00 00:00:00',0,'FAILED','TESTREPORT[1405201610700070][CHASSIS][CTO][LC-2][CELL7][20161031T212407][FAILED].xml','C:workmfgdata	estreportsTESTREPORT[1405201610700070][CHASSIS][CTO][LC-2][CELL7][20161031T212407]','TRACE[1405201610700070][CHASSIS][CTO][LC-2][CELL7][20161031T212407].log','null','null','2008-11-16 09:35:00','0000-00-00 00:00:00'),(2147483647,'101-0025-000','S242467X6A24951','PT-1405-1GE-HW-AC','1405',11,'CTO','LC-2','4.0.0.2','null','null','Roberto','PRODUCTION','CHASSIS','2031-10-16 16:09:00','2031-10-16 17:10:00','0000-00-00 00:00:00',0,'FAILED','TESTREPORT[1405201610700071][CHASSIS][CTO][LC-2][CELL11][20161031T160913][FAILED].xml','C:workmfgdata	estreportsTESTREPORT[1405201610700071][CHASSIS][CTO][LC-2][CELL11][20161031T160913]','TRACE[1405201610700071][CHASSIS][CTO][LC-2][CELL11][20161031T160913].log','null','null','2008-11-16 09:36:00','0000-00-00 00:00:00'),(2147483647,'101-0025-000','S242467X6A24951','PT-1405-1GE-HW-DC','1405',11,'LICCONF','LC-2','4.0.0.2','null','null','Manoj','PRODUCTION','CHASSIS','2031-10-16 17:16:00','2031-10-16 17:28:00','0000-00-00 00:00:00',0,'PASSED','TESTREPORT[1405201610700071][CHASSIS][LICCONF][LC-2][CELL11][20161031T171600][PASSED].xml','C:workmfgdata	estreportsTESTREPORT[1405201610700071][CHASSIS][LICCONF][LC-2][CELL11][20161031T171600]','TRACE[1405201610700071][CHASSIS][LICCONF][LC-2][CELL11][20161031T171600].log','null','null','2008-11-16 09:36:00','0000-00-00 00:00:00'),(2147483647,'101-0001-000','S242467X6A24952','TE-1405-HW-DC','1405',8,'CTO','LC-2','4.0.0.2','null','null','Roberto','PRODUCTION','CHASSIS','2028-10-16 20:31:00','2028-10-16 20:41:00','0000-00-00 00:00:00',0,'PASSED','TESTREPORT[1405201610700072][CHASSIS][CTO][LC-2][CELL8][20161028T203125][PASSED].xml','C:workmfgdata	estreportsTESTREPORT[1405201610700072][CHASSIS][CTO][LC-2][CELL8][20161028T203125]','TRACE[1405201610700072][CHASSIS][CTO][LC-2][CELL8][20161028T203125].log','null','null','2008-11-16 09:36:00','0000-00-00 00:00:00'),(2147483647,'101-0001-000','S242467X6A24953','TE-1405-HW-DC','1405',9,'CTO','LC-2','4.0.0.2','null','null','Roberto','PRODUCTION','CHASSIS','2028-10-16 20:35:00','2028-10-16 20:46:00','0000-00-00 00:00:00',0,'PASSED','TESTREPORT[1405201610700073][CHASSIS][CTO][LC-2][CELL9][20161028T203502][PASSED].xml','C:workmfgdata	estreportsTESTREPORT[1405201610700073][CHASSIS][CTO][LC-2][CELL9][20161028T203502]','TRACE[1405201610700073][CHASSIS][CTO][LC-2][CELL9][20161028T203502].log','null','null','2008-11-16 09:36:00','0000-00-00 00:00:00'),(2147483647,'101-0001-000','S242467X6A24954','TE-1405-HW-DC','1405',10,'CTO','LC-2','4.0.0.2','null','null','Roberto','PRODUCTION','CHASSIS','2028-10-16 20:37:00','2028-10-16 20:53:00','0000-00-00 00:00:00',0,'FAILED','TESTREPORT[1405201610700074][CHASSIS][CTO][LC-2][CELL10][20161028T203747][FAILED].xml','C:workmfgdata	estreportsTESTREPORT[1405201610700074][CHASSIS][CTO][LC-2][CELL10][20161028T203747]','TRACE[1405201610700074][CHASSIS][CTO][LC-2][CELL10][20161028T203747].log','null','null','2008-11-16 09:36:00','0000-00-00 00:00:00'),(2147483647,'101-0001-000','S242467X6A24954','TE-1405-HW-DC','1405',10,'CTO','LC-2','4.0.0.2','null','null','Roberto','PRODUCTION','CHASSIS','2028-10-16 20:54:00','2028-10-16 21:02:00','0000-00-00 00:00:00',0,'PASSED','TESTREPORT[1405201610700074][CHASSIS][CTO][LC-2][CELL10][20161028T205425][PASSED].xml','C:workmfgdata	estreportsTESTREPORT[1405201610700074][CHASSIS][CTO][LC-2][CELL10][20161028T205425]','TRACE[1405201610700074][CHASSIS][CTO][LC-2][CELL10][20161028T205425].log','null','null','2008-11-16 09:37:00','0000-00-00 00:00:00'),(2147483647,'101-0001-000','S242467X6A24957','TE-1405-HW-DC','1405',3,'CTO','LC-2','4.0.0.2','null','null','Roberto','PRODUCTION','CHASSIS','2028-10-16 20:45:00','2028-10-16 20:54:00','0000-00-00 00:00:00',0,'PASSED','TESTREPORT[1405201610700077][CHASSIS][CTO][LC-2][CELL3][20161028T204558][PASSED].xml','C:workmfgdata	estreportsTESTREPORT[1405201610700077][CHASSIS][CTO][LC-2][CELL3][20161028T204558]','TRACE[1405201610700077][CHASSIS][CTO][LC-2][CELL3][20161028T204558].log','null','null','2008-11-16 09:37:00','0000-00-00 00:00:00'),(2147483647,'101-0025-000','S242467X6A24958','PT-1405-1GE-HE-AC','1405',3,'LICCONF','LC-1','4.0.0.2','null','null','Roberto','PRODUCTION','CHASSIS','2031-10-16 15:49:00','2031-10-16 15:52:00','0000-00-00 00:00:00',0,'TERMIN','TESTREPORT[1405201610700078][CHASSIS][LICCONF][LC-1][CELL3][20161031T154947][TERMINATED].xml','C:workmfgdata	estreportsTESTREPORT[1405201610700078][CHASSIS][LICCONF][LC-1][CELL3][20161031T154947]','TRACE[1405201610700078][CHASSIS][LICCONF][LC-1][CELL3][20161031T154947].log','null','null','2008-11-16 09:37:00','0000-00-00 00:00:00'),(2147483647,'101-0025-000','S242467X6A24958','PT-1405-1GE-HW-AC','1405',3,'CTO','LC-2','4.0.0.2','null','null','Roberto','PRODUCTION','CHASSIS','2031-10-16 16:05:00','2031-10-16 16:06:00','0000-00-00 00:00:00',0,'TERMIN','TESTREPORT[1405201610700078][CHASSIS][CTO][LC-2][CELL3][20161031T160527][TERMINATED].xml','C:workmfgdata	estreportsTESTREPORT[1405201610700078][CHASSIS][CTO][LC-2][CELL3][20161031T160527]','TRACE[1405201610700078][CHASSIS][CTO][LC-2][CELL3][20161031T160527].log','null','null','2008-11-16 09:37:00','0000-00-00 00:00:00'),(2147483647,'101-0025-000','S242467X6A24958','PT-1405-1GE-HW-AC','1405',9,'CTO','LC-2','4.0.0.2','null','null','Roberto','PRODUCTION','CHASSIS','2031-10-16 16:07:00','2031-10-16 17:09:00','0000-00-00 00:00:00',0,'FAILED','TESTREPORT[1405201610700078][CHASSIS][CTO][LC-2][CELL9][20161031T160732][FAILED].xml','C:workmfgdata	estreportsTESTREPORT[1405201610700078][CHASSIS][CTO][LC-2][CELL9][20161031T160732]','TRACE[1405201610700078][CHASSIS][CTO][LC-2][CELL9][20161031T160732].log','null','null','2008-11-16 09:37:00','0000-00-00 00:00:00'),(2147483647,'101-0025-000','S242467X6A24958','PT-1405-1GE-HW-DC','1405',9,'LICCONF','LC-2','4.0.0.2','null','null','Manoj','PRODUCTION','CHASSIS','2031-10-16 17:15:00','2031-10-16 17:27:00','0000-00-00 00:00:00',0,'FAILED','TESTREPORT[1405201610700078][CHASSIS][LICCONF][LC-2][CELL9][20161031T171530][FAILED].xml','C:workmfgdata	estreportsTESTREPORT[1405201610700078][CHASSIS][LICCONF][LC-2][CELL9][20161031T171530]','TRACE[1405201610700078][CHASSIS][LICCONF][LC-2][CELL9][20161031T171530].log','null','null','2008-11-16 09:38:00','0000-00-00 00:00:00'),(2147483647,'101-0025-000','S242467X6A24958','PT-1405-1GE-HW-DC','1405',9,'LICCONF','LC-2','4.0.0.2','null','null','Manoj','PRODUCTION','CHASSIS','2031-10-16 17:33:00','2031-10-16 17:45:00','0000-00-00 00:00:00',0,'PASSED','TESTREPORT[1405201610700078][CHASSIS][LICCONF][LC-2][CELL9][20161031T173343][PASSED].xml','C:workmfgdata	estreportsTESTREPORT[1405201610700078][CHASSIS][LICCONF][LC-2][CELL9][20161031T173343]','TRACE[1405201610700078][CHASSIS][LICCONF][LC-2][CELL9][20161031T173343].log','null','null','2008-11-16 09:38:00','0000-00-00 00:00:00'),(2147483647,'101-0001-000','S242467X6A24959','TE-1405-HW-DC','1405',2,'CTO','LC-2','4.0.0.2','null','null','Roberto','PRODUCTION','CHASSIS','2028-10-16 20:43:00','2028-10-16 20:54:00','0000-00-00 00:00:00',0,'PASSED','TESTREPORT[1405201610700079][CHASSIS][CTO][LC-2][CELL2][20161028T204347][PASSED].xml','C:workmfgdata	estreportsTESTREPORT[1405201610700079][CHASSIS][CTO][LC-2][CELL2][20161028T204347]','TRACE[1405201610700079][CHASSIS][CTO][LC-2][CELL2][20161028T204347].log','null','null','2008-11-16 09:38:00','0000-00-00 00:00:00'),(2147483647,'101-0001-000','S242467X6A24960','TE-1405-HW-DC','1405',1,'CTO','LC-2','4.0.0.2','null','null','Roberto','PRODUCTION','CHASSIS','2028-10-16 20:42:00','2028-10-16 20:53:00','0000-00-00 00:00:00',0,'PASSED','TESTREPORT[1405201610700080][CHASSIS][CTO][LC-2][CELL1][20161028T204230][PASSED].xml','C:workmfgdata	estreportsTESTREPORT[1405201610700080][CHASSIS][CTO][LC-2][CELL1][20161028T204230]','TRACE[1405201610700080][CHASSIS][CTO][LC-2][CELL1][20161028T204230].log','null','null','2008-11-16 09:38:00','0000-00-00 00:00:00'),(2147483647,'101-0001-000','S242474X6A28552','TE-1405-HW-DC','1405',5,'CTO','LC-2','4.0.0.2','null','null','Roberto','PRODUCTION','CHASSIS','2028-10-16 21:22:00','2028-10-16 21:33:00','0000-00-00 00:00:00',0,'PASSED','TESTREPORT[1405201610700133][CHASSIS][CTO][LC-2][CELL5][20161028T212236][PASSED].xml','C:workmfgdata	estreportsTESTREPORT[1405201610700133][CHASSIS][CTO][LC-2][CELL5][20161028T212236]','TRACE[1405201610700133][CHASSIS][CTO][LC-2][CELL5][20161028T212236].log','null','null','2008-11-16 09:38:00','0000-00-00 00:00:00'),(2147483647,'101-0001-000','S242474X6A28554','TE-1405-HW-DC','1405',4,'CTO','LC-2','4.0.0.2','null','null','Roberto','PRODUCTION','CHASSIS','2028-10-16 21:20:00','2028-10-16 21:33:00','0000-00-00 00:00:00',0,'PASSED','TESTREPORT[1405201610700135][CHASSIS][CTO][LC-2][CELL4][20161028T212056][PASSED].xml','C:workmfgdata	estreportsTESTREPORT[1405201610700135][CHASSIS][CTO][LC-2][CELL4][20161028T212056]','TRACE[1405201610700135][CHASSIS][CTO][LC-2][CELL4][20161028T212056].log','null','null','2008-11-16 09:39:00','0000-00-00 00:00:00'),(2147483647,'101-0001-000','S242474X6A28555','TE-1405-HW-DC','1405',1,'CTO','LC-2','4.0.0.2','null','null','Roberto','PRODUCTION','CHASSIS','2028-10-16 21:18:00','2028-10-16 21:29:00','0000-00-00 00:00:00',0,'PASSED','TESTREPORT[1405201610700136][CHASSIS][CTO][LC-2][CELL1][20161028T211837][PASSED].xml','C:workmfgdata	estreportsTESTREPORT[1405201610700136][CHASSIS][CTO][LC-2][CELL1][20161028T211837]','TRACE[1405201610700136][CHASSIS][CTO][LC-2][CELL1][20161028T211837].log','null','null','2008-11-16 09:39:00','0000-00-00 00:00:00'),(2147483647,'101-0001-000','S242474X6A28558','TE-1405-HW-DC','1405',2,'CTO','LC-2','4.0.0.2','null','null','Roberto','PRODUCTION','CHASSIS','2028-10-16 21:19:00','2028-10-16 21:29:00','0000-00-00 00:00:00',0,'PASSED','TESTREPORT[1405201610700139][CHASSIS][CTO][LC-2][CELL2][20161028T211907][PASSED].xml','C:workmfgdata	estreportsTESTREPORT[1405201610700139][CHASSIS][CTO][LC-2][CELL2][20161028T211907]','TRACE[1405201610700139][CHASSIS][CTO][LC-2][CELL2][20161028T211907].log','null','null','2008-11-16 09:39:00','0000-00-00 00:00:00'),(2147483647,'101-0001-000','S242474X6A28561','TE-1405-HW-DC','1405',7,'CTO','LC-2','4.0.0.2','null','null','Roberto','PRODUCTION','CHASSIS','2028-10-16 21:24:00','2028-10-16 21:34:00','0000-00-00 00:00:00',0,'PASSED','TESTREPORT[1405201610700142][CHASSIS][CTO][LC-2][CELL7][20161028T212403][PASSED].xml','C:workmfgdata	estreportsTESTREPORT[1405201610700142][CHASSIS][CTO][LC-2][CELL7][20161028T212403]','TRACE[1405201610700142][CHASSIS][CTO][LC-2][CELL7][20161028T212403].log','null','null','2008-11-16 09:39:00','0000-00-00 00:00:00'),(2147483647,'101-0001-000','S242474X6A28561','TE-1405-HW-DC','1405',3,'LICCONF','LC-1','4.0.0.2','null','null','Roberto','PRODUCTION','CHASSIS','2031-10-16 15:29:00','2031-10-16 15:39:00','0000-00-00 00:00:00',0,'PASSED','TESTREPORT[1405201610700142][CHASSIS][LICCONF][LC-1][CELL3][20161031T152929][PASSED].xml','C:workmfgdata	estreportsTESTREPORT[1405201610700142][CHASSIS][LICCONF][LC-1][CELL3][20161031T152929]','TRACE[1405201610700142][CHASSIS][LICCONF][LC-1][CELL3][20161031T152929].log','null','null','2008-11-16 09:39:00','0000-00-00 00:00:00'),(2147483647,'101-0001-000','S242474X6A28562','TE-1405-HW-DC','1405',8,'CTO','LC-2','4.0.0.2','null','null','Roberto','PRODUCTION','CHASSIS','2028-10-16 21:25:00','2028-10-16 21:35:00','0000-00-00 00:00:00',0,'PASSED','TESTREPORT[1405201610700143][CHASSIS][CTO][LC-2][CELL8][20161028T212520][PASSED].xml','C:workmfgdata	estreportsTESTREPORT[1405201610700143][CHASSIS][CTO][LC-2][CELL8][20161028T212520]','TRACE[1405201610700143][CHASSIS][CTO][LC-2][CELL8][20161028T212520].log','null','null','2008-11-16 09:40:00','0000-00-00 00:00:00'),(2147483647,'101-0001-000','S242474X6A28563','TE-1405-HW-DC','1405',3,'CTO','LC-2','4.0.0.2','null','null','Roberto','PRODUCTION','CHASSIS','2028-10-16 21:19:00','2028-10-16 21:30:00','0000-00-00 00:00:00',0,'PASSED','TESTREPORT[1405201610700144][CHASSIS][CTO][LC-2][CELL3][20161028T211940][PASSED].xml','C:workmfgdata	estreportsTESTREPORT[1405201610700144][CHASSIS][CTO][LC-2][CELL3][20161028T211940]','TRACE[1405201610700144][CHASSIS][CTO][LC-2][CELL3][20161028T211940].log','null','null','2008-11-16 09:40:00','0000-00-00 00:00:00'),(2147483647,'150-1006-000','S243662X6816604','null','2205',11,'SWDL','LC-1','4.0.0.0','null','null','roberto','PRODUCTION','CHASSIS','2029-09-16 17:08:00','2029-09-16 17:12:00','0000-00-00 00:00:00',0,'FAILED','TESTREPORT[2205201608700044][CHASSIS][SWDL][LC-1][CELL11][20160929T170834][FAILED].xml','C:workmfgdata	estreportsTESTREPORT[2205201608700044][CHASSIS][SWDL][LC-1][CELL11][20160929T170834]','TRACE[2205201608700044][CHASSIS][SWDL][LC-1][CELL11][20160929T170834].log','null','null','2008-11-16 09:46:00','0000-00-00 00:00:00'),(2147483647,'150-1006-000','S243662X6816604','null','2205',9,'SWDL','LC-1','4.0.0.0','null','null','Roberto','PRODUCTION','CHASSIS','2010-10-16 15:08:00','2010-10-16 15:08:00','0000-00-00 00:00:00',0,'FAILED','TESTREPORT[2205201608700044][CHASSIS][SWDL][LC-1][CELL9][20161010T150804][FAILED].xml','C:workmfgdata	estreportsTESTREPORT[2205201608700044][CHASSIS][SWDL][LC-1][CELL9][20161010T150804]','TRACE[2205201608700044][CHASSIS][SWDL][LC-1][CELL9][20161010T150804].log','null','null','2008-11-16 09:47:00','0000-00-00 00:00:00'),(2147483647,'150-1006-000','S243662X6816604','null','2205',9,'SWDL','LC-1','4.0.0.0','null','null','Roberto','PRODUCTION','CHASSIS','2010-10-16 15:10:00','2010-10-16 15:14:00','0000-00-00 00:00:00',0,'FAILED','TESTREPORT[2205201608700044][CHASSIS][SWDL][LC-1][CELL9][20161010T151037][FAILED].xml','C:workmfgdata	estreportsTESTREPORT[2205201608700044][CHASSIS][SWDL][LC-1][CELL9][20161010T151037]','TRACE[2205201608700044][CHASSIS][SWDL][LC-1][CELL9][20161010T151037].log','null','null','2008-11-16 09:47:00','0000-00-00 00:00:00'),(2147483647,'150-1006-000','S243662X6816604','null','2205',9,'SWDL','LC-1','4.0.0.0','null','null','Roberto','PRODUCTION','CHASSIS','2010-10-16 15:20:00','2010-10-16 15:24:00','0000-00-00 00:00:00',0,'FAILED','TESTREPORT[2205201608700044][CHASSIS][SWDL][LC-1][CELL9][20161010T152023][FAILED].xml','C:workmfgdata	estreportsTESTREPORT[2205201608700044][CHASSIS][SWDL][LC-1][CELL9][20161010T152023]','TRACE[2205201608700044][CHASSIS][SWDL][LC-1][CELL9][20161010T152023].log','null','null','2008-11-16 09:47:00','0000-00-00 00:00:00'),(2147483647,'150-1006-000','S243662X6816604','null','2205',9,'SWDL','LC-1','4.0.0.0','null','null','Roberto','PRODUCTION','CHASSIS','2010-10-16 15:45:00','2010-10-16 16:28:00','0000-00-00 00:00:00',0,'FAILED','TESTREPORT[2205201608700044][CHASSIS][SWDL][LC-1][CELL9][20161010T154503][FAILED].xml','C:workmfgdata	estreportsTESTREPORT[2205201608700044][CHASSIS][SWDL][LC-1][CELL9][20161010T154503]','TRACE[2205201608700044][CHASSIS][SWDL][LC-1][CELL9][20161010T154503].log','null','null','2008-11-16 09:47:00','0000-00-00 00:00:00'),(2147483647,'150-1006-000','S243662X6816604','null','2205',8,'SWDL','LC-1','4.0.0.0','null','null','roberto','PRODUCTION','CHASSIS','2012-10-16 14:14:00','2012-10-16 14:57:00','0000-00-00 00:00:00',0,'FAILED','TESTREPORT[2205201608700044][CHASSIS][SWDL][LC-1][CELL8][20161012T141413][FAILED].xml','C:workmfgdata	estreportsTESTREPORT[2205201608700044][CHASSIS][SWDL][LC-1][CELL8][20161012T141413]','TRACE[2205201608700044][CHASSIS][SWDL][LC-1][CELL8][20161012T141413].log','null','null','2008-11-16 09:46:00','0000-00-00 00:00:00'),(2147483647,'150-1006-000','S243662X6816604','null','2205',8,'SWDL','LC-1','4.0.0.0','null','null','roberto','PRODUCTION','CHASSIS','2013-10-16 16:39:00','2013-10-16 17:22:00','0000-00-00 00:00:00',0,'PASSED','TESTREPORT[2205201608700044][CHASSIS][SWDL][LC-1][CELL8][20161013T163908][PASSED].xml','C:workmfgdata	estreportsTESTREPORT[2205201608700044][CHASSIS][SWDL][LC-1][CELL8][20161013T163908]','TRACE[2205201608700044][CHASSIS][SWDL][LC-1][CELL8][20161013T163908].log','null','null','2008-11-16 09:47:00','0000-00-00 00:00:00'),(2147483647,'150-1006-000','S243662X6816604','TE-2205-HW-AC','2205',4,'LICCONF','LC-1','4.0.0.2','null','null','Roberto','PRODUCTION','CHASSIS','2031-10-16 11:12:00','2031-10-16 11:25:00','2002-01-01 00:00:00',0,'PASSED','TESTREPORT[2205201608700044][CHASSIS][LICCONF][LC-1][CELL4][20161031T111231][PASSED].xml','C:workmfgdata	estreportsTESTREPORT[2205201608700044][CHASSIS][LICCONF][LC-1][CELL4][20161031T111231]','TRACE[2205201608700044][CHASSIS][LICCONF][LC-1][CELL4][20161031T111231].log','null','null','2008-11-16 09:46:00','0000-00-00 00:00:00'),(2147483647,'150-1006-000','S243662X6816605','null','2205',9,'SWDL','LC-1','4.0.0.0','null','null','roberto','PRODUCTION','CHASSIS','2029-09-16 17:04:00','2029-09-16 17:08:00','0000-00-00 00:00:00',0,'FAILED','TESTREPORT[2205201608700045][CHASSIS][SWDL][LC-1][CELL9][20160929T170401][FAILED].xml','C:workmfgdata	estreportsTESTREPORT[2205201608700045][CHASSIS][SWDL][LC-1][CELL9][20160929T170401]','TRACE[2205201608700045][CHASSIS][SWDL][LC-1][CELL9][20160929T170401].log','null','null','2008-11-16 09:54:00','0000-00-00 00:00:00'),(2147483647,'150-1006-000','S243662X6816605','null','2205',8,'SWDL','LC-1','4.0.0.0','null','null','Roberto','PRODUCTION','CHASSIS','2010-10-16 15:07:00','2010-10-16 15:56:00','0000-00-00 00:00:00',0,'FAILED','TESTREPORT[2205201608700045][CHASSIS][SWDL][LC-1][CELL8][20161010T150758][FAILED].xml','C:workmfgdata	estreportsTESTREPORT[2205201608700045][CHASSIS][SWDL][LC-1][CELL8][20161010T150758]','TRACE[2205201608700045][CHASSIS][SWDL][LC-1][CELL8][20161010T150758].log','null','null','2008-11-16 09:54:00','0000-00-00 00:00:00'),(2147483647,'150-1006-000','S243662X6816605','null','2205',9,'SWDL','LC-1','4.0.0.0','null','null','roberto','PRODUCTION','CHASSIS','2012-10-16 14:14:00','2012-10-16 15:00:00','0000-00-00 00:00:00',0,'FAILED','TESTREPORT[2205201608700045][CHASSIS][SWDL][LC-1][CELL9][20161012T141422][FAILED].xml','C:workmfgdata	estreportsTESTREPORT[2205201608700045][CHASSIS][SWDL][LC-1][CELL9][20161012T141422]','TRACE[2205201608700045][CHASSIS][SWDL][LC-1][CELL9][20161012T141422].log','null','null','2008-11-16 09:55:00','0000-00-00 00:00:00'),(2147483647,'150-1006-000','S243662X6816605','null','2205',9,'SWDL','LC-1','4.0.0.0','null','null','roberto','PRODUCTION','CHASSIS','2013-10-16 16:39:00','2013-10-16 17:23:00','0000-00-00 00:00:00',0,'PASSED','TESTREPORT[2205201608700045][CHASSIS][SWDL][LC-1][CELL9][20161013T163933][PASSED].xml','C:workmfgdata	estreportsTESTREPORT[2205201608700045][CHASSIS][SWDL][LC-1][CELL9][20161013T163933]','TRACE[2205201608700045][CHASSIS][SWDL][LC-1][CELL9][20161013T163933].log','null','null','2008-11-16 09:55:00','0000-00-00 00:00:00'),(2147483647,'101-0043-000','S243662X6816605','PT-2205-1GE-AC','2205',8,'CTO','LC-2','4.0.0.2','null','null','Roberto','PRODUCTION','CHASSIS','2020-10-16 11:20:00','2020-10-16 11:20:00','2002-01-01 00:00:00',0,'FAILED','TESTREPORT[2205201608700045][CHASSIS][CTO][LC-2][CELL8][20161020T112045][FAILED].xml','C:workmfgdata	estreportsTESTREPORT[2205201608700045][CHASSIS][CTO][LC-2][CELL8][20161020T112045]','TRACE[2205201608700045][CHASSIS][CTO][LC-2][CELL8][20161020T112045].log','null','null','2008-11-16 09:48:00','0000-00-00 00:00:00'),(2147483647,'101-0043-000','S243662X6816605','PT-2205-1GE-ADNSGD-AC','2205',8,'CTO','LC-2','4.0.0.2','null','null','Roberto','PRODUCTION','CHASSIS','2020-10-16 11:43:00','2020-10-16 12:04:00','2002-01-01 00:00:00',0,'FAILED','TESTREPORT[2205201608700045][CHASSIS][CTO][LC-2][CELL8][20161020T114315][FAILED].xml','C:workmfgdata	estreportsTESTREPORT[2205201608700045][CHASSIS][CTO][LC-2][CELL8][20161020T114315]','TRACE[2205201608700045][CHASSIS][CTO][LC-2][CELL8][20161020T114315].log','null','null','2008-11-16 09:48:00','0000-00-00 00:00:00'),(2147483647,'101-0043-000','S243662X6816605','PT-2205-1GE-ADNSGD-AC','2205',8,'CTO','LC-2','4.0.0.2','null','null','Roberto','PRODUCTION','CHASSIS','2020-10-16 12:47:00','2020-10-16 13:04:00','0000-00-00 00:00:00',0,'FAILED','TESTREPORT[2205201608700045][CHASSIS][CTO][LC-2][CELL8][20161020T124737][FAILED].xml','C:workmfgdata	estreportsTESTREPORT[2205201608700045][CHASSIS][CTO][LC-2][CELL8][20161020T124737]','TRACE[2205201608700045][CHASSIS][CTO][LC-2][CELL8][20161020T124737].log','null','null','2008-11-16 09:48:00','0000-00-00 00:00:00'),(2147483647,'101-0043-000','S243662X6816605','PT-2205-1GE-ADNSGD-AC','2205',8,'CTO','LC-2','4.0.0.2','null','null','Roberto','PRODUCTION','CHASSIS','2020-10-16 15:28:00','2020-10-16 16:23:00','0000-00-00 00:00:00',0,'FAILED','TESTREPORT[2205201608700045][CHASSIS][CTO][LC-2][CELL8][20161020T152807][FAILED].xml','C:workmfgdata	estreportsTESTREPORT[2205201608700045][CHASSIS][CTO][LC-2][CELL8][20161020T152807]','TRACE[2205201608700045][CHASSIS][CTO][LC-2][CELL8][20161020T152807].log','null','null','2008-11-16 09:48:00','0000-00-00 00:00:00'),(2147483647,'101-0043-000','S243662X6816605','PT-2205-1GE-ADNSGD-AC','2205',8,'CTO','LC-2','4.0.0.2','null','null','roberto','PRODUCTION','CHASSIS','2020-10-16 18:02:00','2020-10-16 18:57:00','0000-00-00 00:00:00',0,'FAILED','TESTREPORT[2205201608700045][CHASSIS][CTO][LC-2][CELL8][20161020T180200][FAILED].xml','C:workmfgdata	estreportsTESTREPORT[2205201608700045][CHASSIS][CTO][LC-2][CELL8][20161020T180200]','TRACE[2205201608700045][CHASSIS][CTO][LC-2][CELL8][20161020T180200].log','null','null','2008-11-16 09:48:00','0000-00-00 00:00:00'),(2147483647,'101-0043-000','S243662X6816605','PT-2205-10GE-ADNSGD-AC','2205',8,'CTO','LC-2','4.0.0.2','null','null','Roberto','PRODUCTION','CHASSIS','2021-10-16 09:20:00','2021-10-16 09:21:00','2002-01-01 00:00:00',0,'FAILED','TESTREPORT[2205201608700045][CHASSIS][CTO][LC-2][CELL8][20161021T092059][FAILED].xml','C:workmfgdata	estreportsTESTREPORT[2205201608700045][CHASSIS][CTO][LC-2][CELL8][20161021T092059]','TRACE[2205201608700045][CHASSIS][CTO][LC-2][CELL8][20161021T092059].log','null','null','2008-11-16 09:49:00','0000-00-00 00:00:00'),(2147483647,'101-0043-000','S243662X6816605','PT-2205-1GE-ADNSGD-AC','2205',8,'CTO','LC-2','4.0.0.2','null','null','Roberto','PRODUCTION','CHASSIS','2021-10-16 09:25:00','2021-10-16 10:20:00','2002-01-01 00:00:00',0,'FAILED','TESTREPORT[2205201608700045][CHASSIS][CTO][LC-2][CELL8][20161021T092500][FAILED].xml','C:workmfgdata	estreportsTESTREPORT[2205201608700045][CHASSIS][CTO][LC-2][CELL8][20161021T092500]','TRACE[2205201608700045][CHASSIS][CTO][LC-2][CELL8][20161021T092500].log','null','null','2008-11-16 09:49:00','0000-00-00 00:00:00'),(2147483647,'101-0043-000','S243662X6816605','PT-2205-1GE-ADNSGD-AC','2205',8,'CTO','LC-2','4.0.0.2','null','null','Roberto','PRODUCTION','CHASSIS','2021-10-16 15:06:00','2021-10-16 16:02:00','0000-00-00 00:00:00',0,'FAILED','TESTREPORT[2205201608700045][CHASSIS][CTO][LC-2][CELL8][20161021T150619][FAILED].xml','C:workmfgdata	estreportsTESTREPORT[2205201608700045][CHASSIS][CTO][LC-2][CELL8][20161021T150619]','TRACE[2205201608700045][CHASSIS][CTO][LC-2][CELL8][20161021T150619].log','null','null','2008-11-16 09:49:00','0000-00-00 00:00:00'),(2147483647,'101-0043-000','S243662X6816605','PT-2205-1GE-ADNSGD-AC','2205',8,'CTO','LC-2','4.0.0.2','null','null','Roberto','PRODUCTION','CHASSIS','2024-10-16 11:23:00','2024-10-16 12:03:00','2002-01-01 00:00:00',0,'FAILED','TESTREPORT[2205201608700045][CHASSIS][CTO][LC-2][CELL8][20161024T112348][FAILED].xml','C:workmfgdata	estreportsTESTREPORT[2205201608700045][CHASSIS][CTO][LC-2][CELL8][20161024T112348]','TRACE[2205201608700045][CHASSIS][CTO][LC-2][CELL8][20161024T112348].log','null','null','2008-11-16 09:49:00','0000-00-00 00:00:00'),(2147483647,'101-0043-000','S243662X6816605','PT-2205-1GE-ADNSGD-AC','2205',8,'CTO','LC-2','4.0.0.2','null','null','Roberto','PRODUCTION','CHASSIS','2024-10-16 12:17:00','2024-10-16 13:09:00','0000-00-00 00:00:00',0,'FAILED','TESTREPORT[2205201608700045][CHASSIS][CTO][LC-2][CELL8][20161024T121739][FAILED].xml','C:workmfgdata	estreportsTESTREPORT[2205201608700045][CHASSIS][CTO][LC-2][CELL8][20161024T121739]','TRACE[2205201608700045][CHASSIS][CTO][LC-2][CELL8][20161024T121739].log','null','null','2008-11-16 09:50:00','0000-00-00 00:00:00'),(2147483647,'101-0043-000','S243662X6816605','PT-2205-1GE-ADNSGD-AC','2205',8,'CTO','LC-2','4.0.0.2','null','null','Roberto','PRODUCTION','CHASSIS','2024-10-16 13:29:00','2024-10-16 14:27:00','0000-00-00 00:00:00',0,'FAILED','TESTREPORT[2205201608700045][CHASSIS][CTO][LC-2][CELL8][20161024T132940][FAILED].xml','C:workmfgdata	estreportsTESTREPORT[2205201608700045][CHASSIS][CTO][LC-2][CELL8][20161024T132940]','TRACE[2205201608700045][CHASSIS][CTO][LC-2][CELL8][20161024T132940].log','null','null','2008-11-16 09:50:00','0000-00-00 00:00:00'),(2147483647,'101-0044-000','S243662X6816605','PT-2205-1GE-ADNSGD-DC','2205',8,'CTO','LC-2','4.0.0.2','null','null','Roberto','PRODUCTION','CHASSIS','2024-10-16 16:29:00','2024-10-16 16:50:00','0000-00-00 00:00:00',0,'FAILED','TESTREPORT[2205201608700045][CHASSIS][CTO][LC-2][CELL8][20161024T162913][FAILED].xml','C:workmfgdata	estreportsTESTREPORT[2205201608700045][CHASSIS][CTO][LC-2][CELL8][20161024T162913]','TRACE[2205201608700045][CHASSIS][CTO][LC-2][CELL8][20161024T162913].log','null','null','2008-11-16 09:50:00','0000-00-00 00:00:00'),(2147483647,'101-0044-000','S243662X6816605','PT-2205-1GE-ADNSGD-DC','2205',8,'CTO','LC-2','4.0.0.2','null','null','Roberto','PRODUCTION','CHASSIS','2025-10-16 09:36:00','2025-10-16 09:53:00','2002-01-01 00:00:00',0,'FAILED','TESTREPORT[2205201608700045][CHASSIS][CTO][LC-2][CELL8][20161025T093656][FAILED].xml','C:workmfgdata	estreportsTESTREPORT[2205201608700045][CHASSIS][CTO][LC-2][CELL8][20161025T093656]','TRACE[2205201608700045][CHASSIS][CTO][LC-2][CELL8][20161025T093656].log','null','null','2008-11-16 09:50:00','0000-00-00 00:00:00'),(2147483647,'101-0044-000','S243662X6816605','PT-2205-1GE-ADNSGD-DC','2205',8,'CTO','LC-2','4.0.0.2','null','null','Roberto','PRODUCTION','CHASSIS','2025-10-16 10:16:00','2025-10-16 10:33:00','2002-01-01 00:00:00',0,'FAILED','TESTREPORT[2205201608700045][CHASSIS][CTO][LC-2][CELL8][20161025T101637][FAILED].xml','C:workmfgdata	estreportsTESTREPORT[2205201608700045][CHASSIS][CTO][LC-2][CELL8][20161025T101637]','TRACE[2205201608700045][CHASSIS][CTO][LC-2][CELL8][20161025T101637].log','null','null','2008-11-16 09:50:00','0000-00-00 00:00:00'),(2147483647,'101-0044-000','S243662X6816605','PT-2205-1GE-ADNSGD-DC','2205',8,'CTO','LC-2','4.0.0.2','null','null','Roberto','PRODUCTION','CHASSIS','2025-10-16 11:42:00','2025-10-16 12:36:00','2002-01-01 00:00:00',0,'FAILED','TESTREPORT[2205201608700045][CHASSIS][CTO][LC-2][CELL8][20161025T114200][FAILED].xml','C:workmfgdata	estreportsTESTREPORT[2205201608700045][CHASSIS][CTO][LC-2][CELL8][20161025T114200]','TRACE[2205201608700045][CHASSIS][CTO][LC-2][CELL8][20161025T114200].log','null','null','2008-11-16 09:51:00','0000-00-00 00:00:00'),(2147483647,'101-0044-000','S243662X6816605','PT-2205-1GE-ADNSGD-DC','2205',8,'CTO','LC-2','4.0.0.2','null','null','Roberto','PRODUCTION','CHASSIS','2025-10-16 13:18:00','2025-10-16 14:14:00','0000-00-00 00:00:00',0,'ERROR','TESTREPORT[2205201608700045][CHASSIS][CTO][LC-2][CELL8][20161025T131853][ERROR].xml','C:workmfgdata	estreportsTESTREPORT[2205201608700045][CHASSIS][CTO][LC-2][CELL8][20161025T131853]','TRACE[2205201608700045][CHASSIS][CTO][LC-2][CELL8][20161025T131853].log','null','null','2008-11-16 09:51:00','0000-00-00 00:00:00'),(2147483647,'101-0044-000','S243662X6816605','PT-2205-1GE-ADNSGD-DC','2205',8,'CTO','LC-2','4.0.0.2','null','null','Roberto','PRODUCTION','CHASSIS','2025-10-16 14:31:00','2025-10-16 15:27:00','0000-00-00 00:00:00',0,'FAILED','TESTREPORT[2205201608700045][CHASSIS][CTO][LC-2][CELL8][20161025T143147][FAILED].xml','C:workmfgdata	estreportsTESTREPORT[2205201608700045][CHASSIS][CTO][LC-2][CELL8][20161025T143147]','TRACE[2205201608700045][CHASSIS][CTO][LC-2][CELL8][20161025T143147].log','null','null','2008-11-16 09:51:00','0000-00-00 00:00:00'),(2147483647,'101-0044-000','S243662X6816605','PT-2205-1GE-ADNSGD-DC','2205',8,'CTO','LC-2','4.0.0.2','null','null','Roberto','PRODUCTION','CHASSIS','2025-10-16 16:07:00','2025-10-16 17:03:00','0000-00-00 00:00:00',0,'PASSED','TESTREPORT[2205201608700045][CHASSIS][CTO][LC-2][CELL8][20161025T160720][PASSED].xml','C:workmfgdata	estreportsTESTREPORT[2205201608700045][CHASSIS][CTO][LC-2][CELL8][20161025T160720]','TRACE[2205201608700045][CHASSIS][CTO][LC-2][CELL8][20161025T160720].log','null','null','2008-11-16 09:51:00','0000-00-00 00:00:00'),(2147483647,'101-0042-000','S243662X6816605','PT-2205-1GE-BASE-DC','2205',8,'CTO','LC-2','4.0.0.2','null','null','Roberto','PRODUCTION','CHASSIS','2025-10-16 17:30:00','2025-10-16 18:26:00','0000-00-00 00:00:00',0,'FAILED','TESTREPORT[2205201608700045][CHASSIS][CTO][LC-2][CELL8][20161025T173032][FAILED].xml','C:workmfgdata	estreportsTESTREPORT[2205201608700045][CHASSIS][CTO][LC-2][CELL8][20161025T173032]','TRACE[2205201608700045][CHASSIS][CTO][LC-2][CELL8][20161025T173032].log','null','null','2008-11-16 09:51:00','0000-00-00 00:00:00'),(2147483647,'101-0042-000','S243662X6816605','PT-2205-1GE-HW-DC','2205',8,'CTO','LC-2','4.0.0.2','null','null','Roberto','PRODUCTION','CHASSIS','2025-10-16 19:48:00','2025-10-16 19:48:00','0000-00-00 00:00:00',0,'ERROR','TESTREPORT[2205201608700045][CHASSIS][CTO][LC-2][CELL8][20161025T194804][ERROR].xml','C:workmfgdata	estreportsTESTREPORT[2205201608700045][CHASSIS][CTO][LC-2][CELL8][20161025T194804]','TRACE[2205201608700045][CHASSIS][CTO][LC-2][CELL8][20161025T194804].log','null','null','2008-11-16 09:52:00','0000-00-00 00:00:00'),(2147483647,'101-0042-000','S243662X6816605','PT-2205-1GE-OSS-DC','2205',8,'CTO','LC-2','4.0.0.2','null','null','Roberto','PRODUCTION','CHASSIS','2025-10-16 19:53:00','2025-10-16 19:57:00','0000-00-00 00:00:00',0,'FAILED','TESTREPORT[2205201608700045][CHASSIS][CTO][LC-2][CELL8][20161025T195322][FAILED].xml','C:workmfgdata	estreportsTESTREPORT[2205201608700045][CHASSIS][CTO][LC-2][CELL8][20161025T195322]','TRACE[2205201608700045][CHASSIS][CTO][LC-2][CELL8][20161025T195322].log','null','null','2008-11-16 09:52:00','0000-00-00 00:00:00'),(2147483647,'101-0042-000','S243662X6816605','PT-2205-1GE-BASE-DC','2205',8,'CTO','LC-2','4.0.0.2','null','null','Roberto','PRODUCTION','CHASSIS','2026-10-16 11:34:00','2026-10-16 12:30:00','2002-01-01 00:00:00',0,'PASSED','TESTREPORT[2205201608700045][CHASSIS][CTO][LC-2][CELL8][20161026T113402][PASSED].xml','C:workmfgdata	estreportsTESTREPORT[2205201608700045][CHASSIS][CTO][LC-2][CELL8][20161026T113402]','TRACE[2205201608700045][CHASSIS][CTO][LC-2][CELL8][20161026T113402].log','null','null','2008-11-16 09:52:00','0000-00-00 00:00:00'),(2147483647,'101-0042-000','S243662X6816605','PT-2205-1GE-HW-DC','2205',8,'CTO','LC-2','4.0.0.2','null','null','Roberto','PRODUCTION','CHASSIS','2026-10-16 12:32:00','2026-10-16 13:28:00','0000-00-00 00:00:00',0,'PASSED','TESTREPORT[2205201608700045][CHASSIS][CTO][LC-2][CELL8][20161026T123209][PASSED].xml','C:workmfgdata	estreportsTESTREPORT[2205201608700045][CHASSIS][CTO][LC-2][CELL8][20161026T123209]','TRACE[2205201608700045][CHASSIS][CTO][LC-2][CELL8][20161026T123209].log','null','null','2008-11-16 09:52:00','0000-00-00 00:00:00'),(2147483647,'101-0043-000','S243662X6816605','PT-2205-1GE-ADNSGD-AC','2205',8,'CTO','LC-2','4.0.0.2','null','null','Roberto','PRODUCTION','CHASSIS','2026-10-16 14:09:00','2026-10-16 15:05:00','0000-00-00 00:00:00',0,'PASSED','TESTREPORT[2205201608700045][CHASSIS][CTO][LC-2][CELL8][20161026T140925][PASSED].xml','C:workmfgdata	estreportsTESTREPORT[2205201608700045][CHASSIS][CTO][LC-2][CELL8][20161026T140925]','TRACE[2205201608700045][CHASSIS][CTO][LC-2][CELL8][20161026T140925].log','null','null','2008-11-16 09:52:00','0000-00-00 00:00:00'),(2147483647,'101-0043-000','S243662X6816605','PT-2205-1GE-BASE-AC','2205',8,'CTO','LC-2','4.0.0.2','null','null','Roberto','PRODUCTION','CHASSIS','2027-10-16 11:58:00','2027-10-16 11:58:00','2002-01-01 00:00:00',0,'FAILED','TESTREPORT[2205201608700045][CHASSIS][CTO][LC-2][CELL8][20161027T115815][FAILED].xml','C:workmfgdata	estreportsTESTREPORT[2205201608700045][CHASSIS][CTO][LC-2][CELL8][20161027T115815]','TRACE[2205201608700045][CHASSIS][CTO][LC-2][CELL8][20161027T115815].log','null','null','2008-11-16 09:53:00','0000-00-00 00:00:00'),(2147483647,'101-0041-000','S243662X6816605','PT-2205-1GE-BASE-AC','2205',8,'CTO','LC-2','4.0.0.2','null','null','Roberto','PRODUCTION','CHASSIS','2027-10-16 12:11:00','2027-10-16 13:09:00','0000-00-00 00:00:00',0,'PASSED','TESTREPORT[2205201608700045][CHASSIS][CTO][LC-2][CELL8][20161027T121158][PASSED].xml','C:workmfgdata	estreportsTESTREPORT[2205201608700045][CHASSIS][CTO][LC-2][CELL8][20161027T121158]','TRACE[2205201608700045][CHASSIS][CTO][LC-2][CELL8][20161027T121158].log','null','null','2008-11-16 09:53:00','0000-00-00 00:00:00'),(2147483647,'101-0041-000','S243662X6816605','PT-2205-1GE-OSS-AC','2205',8,'CTO','LC-2','4.0.0.2','null','null','Roberto','PRODUCTION','CHASSIS','2027-10-16 17:48:00','2027-10-16 18:44:00','0000-00-00 00:00:00',0,'PASSED','TESTREPORT[2205201608700045][CHASSIS][CTO][LC-2][CELL8][20161027T174810][PASSED].xml','C:workmfgdata	estreportsTESTREPORT[2205201608700045][CHASSIS][CTO][LC-2][CELL8][20161027T174810]','TRACE[2205201608700045][CHASSIS][CTO][LC-2][CELL8][20161027T174810].log','null','null','2008-11-16 09:53:00','0000-00-00 00:00:00'),(2147483647,'101-0041-000','S243662X6816605','PT-2205-1GE-BASE-AC','2205',8,'CTO','LC-2','4.0.0.2','null','null','Roberto','PRODUCTION','CHASSIS','2027-10-16 18:58:00','2027-10-16 19:55:00','0000-00-00 00:00:00',0,'PASSED','TESTREPORT[2205201608700045][CHASSIS][CTO][LC-2][CELL8][20161027T185849][PASSED].xml','C:workmfgdata	estreportsTESTREPORT[2205201608700045][CHASSIS][CTO][LC-2][CELL8][20161027T185849]','TRACE[2205201608700045][CHASSIS][CTO][LC-2][CELL8][20161027T185849].log','null','null','2008-11-16 09:53:00','0000-00-00 00:00:00'),(2147483647,'101-0042-000','S243662X6816605','PT-2205-1GE-OSS-DC','2205',8,'CTO','LC-2','4.0.0.2','null','null','Roberto','PRODUCTION','CHASSIS','2028-10-16 10:52:00','2028-10-16 11:18:00','2002-01-01 00:00:00',0,'TERMIN','TESTREPORT[2205201608700045][CHASSIS][CTO][LC-2][CELL8][20161028T105258][TERMINATED].xml','C:workmfgdata	estreportsTESTREPORT[2205201608700045][CHASSIS][CTO][LC-2][CELL8][20161028T105258]','TRACE[2205201608700045][CHASSIS][CTO][LC-2][CELL8][20161028T105258].log','null','null','2008-11-16 09:53:00','0000-00-00 00:00:00'),(2147483647,'101-0042-000','S243662X6816605','PT-2205-1GE-OSS-DC','2205',8,'CTO','LC-2','4.0.0.2','null','null','Roberto','PRODUCTION','CHASSIS','2028-10-16 11:21:00','2028-10-16 12:13:00','2002-01-01 00:00:00',0,'PASSED','TESTREPORT[2205201608700045][CHASSIS][CTO][LC-2][CELL8][20161028T112108][PASSED].xml','C:workmfgdata	estreportsTESTREPORT[2205201608700045][CHASSIS][CTO][LC-2][CELL8][20161028T112108]','TRACE[2205201608700045][CHASSIS][CTO][LC-2][CELL8][20161028T112108].log','null','null','2008-11-16 09:54:00','0000-00-00 00:00:00'),(2147483647,'101-0042-000','S243662X6816605','PT-2205-1GE-OSS-DC','2205',8,'CTO','LC-2','4.0.0.2','null','null','Roberto','PRODUCTION','CHASSIS','2028-10-16 13:53:00','2028-10-16 14:50:00','0000-00-00 00:00:00',0,'PASSED','TESTREPORT[2205201608700045][CHASSIS][CTO][LC-2][CELL8][20161028T135330][PASSED].xml','C:workmfgdata	estreportsTESTREPORT[2205201608700045][CHASSIS][CTO][LC-2][CELL8][20161028T135330]','TRACE[2205201608700045][CHASSIS][CTO][LC-2][CELL8][20161028T135330].log','null','null','2008-11-16 09:54:00','0000-00-00 00:00:00'),(2147483647,'101-0043-000','S243662X6816605','PT-2205-1GE-ADNSGD-AC','2205',8,'CTO','LC-2','4.0.0.2','null','null','Roberto','PRODUCTION','CHASSIS','2028-10-16 15:15:00','2028-10-16 16:11:00','0000-00-00 00:00:00',0,'PASSED','TESTREPORT[2205201608700045][CHASSIS][CTO][LC-2][CELL8][20161028T151508][PASSED].xml','C:workmfgdata	estreportsTESTREPORT[2205201608700045][CHASSIS][CTO][LC-2][CELL8][20161028T151508]','TRACE[2205201608700045][CHASSIS][CTO][LC-2][CELL8][20161028T151508].log','null','null','2008-11-16 09:54:00','0000-00-00 00:00:00'),(2147483647,'150-1007-000','S243693X6818730','null','2205',1,'SWDL','LC-1','4.0.0.2','null','null','Roberto','PRODUCTION','CHASSIS','2027-10-16 14:26:00','2027-10-16 15:15:00','0000-00-00 00:00:00',0,'PASSED','TESTREPORT[2205201608700046][CHASSIS][SWDL][LC-1][CELL1][20161027T142612][PASSED].xml','C:workmfgdata	estreportsTESTREPORT[2205201608700046][CHASSIS][SWDL][LC-1][CELL1][20161027T142612]','TRACE[2205201608700046][CHASSIS][SWDL][LC-1][CELL1][20161027T142612].log','null','null','2008-11-16 09:55:00','0000-00-00 00:00:00'),(2147483647,'101-0043-000','S243662X6816605','PT-2205-1GE-ADNSGD-AC','2205',2,'CTO','LC-2','4.0.0.2','null','null','Roberto','PRODUCTION','CHASSIS','2022-10-16 15:07:00','2022-10-16 15:07:00','0000-00-00 00:00:00',0,'TERMIN','TESTREPORT[2205201608701234][CHASSIS][CTO][LC-2][CELL2][20161022T150706][TERMINATED].xml','C:workmfgdata	estreportsTESTREPORT[2205201608701234][CHASSIS][CTO][LC-2][CELL2][20161022T150706]','TRACE[2205201608701234][CHASSIS][CTO][LC-2][CELL2][20161022T150706].log','null','null','2008-11-16 09:55:00','0000-00-00 00:00:00'),(2147483647,'101-0019-000','S243662X6926611','TE-2205-1GE-AC','2205',5,'CTO','LC-2','4.0.0.2','null','null','Roberto','PRODUCTION','CHASSIS','2013-10-16 18:20:00','2013-10-16 19:08:00','0000-00-00 00:00:00',0,'PASSED','TESTREPORT[2205201609700054][CHASSIS][CTO][LC-2][CELL5][20161013T182059][PASSED].xml','C:workmfgdata	estreportsTESTREPORT[2205201609700054][CHASSIS][CTO][LC-2][CELL5][20161013T182059]','TRACE[2205201609700054][CHASSIS][CTO][LC-2][CELL5][20161013T182059].log','null','null','2008-11-16 09:55:00','0000-00-00 00:00:00'),(2147483647,'101-0019-000','S243662X6926611','TE-2205-1GE-AC','2205',5,'CTO','LC-2','4.0.0.2','null','null','Roberto','PRODUCTION','CHASSIS','2014-10-16 00:27:00','2014-10-16 01:15:00','0000-00-00 00:00:00',0,'PASSED','TESTREPORT[2205201609700054][CHASSIS][CTO][LC-2][CELL5][20161014T002725][PASSED].xml','C:workmfgdata	estreportsTESTREPORT[2205201609700054][CHASSIS][CTO][LC-2][CELL5][20161014T002725]','TRACE[2205201609700054][CHASSIS][CTO][LC-2][CELL5][20161014T002725].log','null','null','2008-11-16 09:56:00','0000-00-00 00:00:00'),(2147483647,'101-0019-000','S243662X6926611','T-2205-1GE-AC','2205',5,'CTO','LC-2','4.0.0.2','null','null','Roberto','PRODUCTION','CHASSIS','2014-10-16 17:11:00','2014-10-16 17:58:00','0000-00-00 00:00:00',0,'PASSED','TESTREPORT[2205201609700054][CHASSIS][CTO][LC-2][CELL5][20161014T171152][PASSED].xml','C:workmfgdata	estreportsTESTREPORT[2205201609700054][CHASSIS][CTO][LC-2][CELL5][20161014T171152]','TRACE[2205201609700054][CHASSIS][CTO][LC-2][CELL5][20161014T171152].log','null','null','2008-11-16 09:56:00','0000-00-00 00:00:00'),(2147483647,'101-0019-000','S243662X6926611','TE-2205-1GE-BASE-AC','2205',5,'CTO','LC-2','4.0.0.2','null','null','Roberto','PRODUCTION','CHASSIS','2017-10-16 10:58:00','2017-10-16 11:55:00','2002-01-01 00:00:00',0,'PASSED','TESTREPORT[2205201609700054][CHASSIS][CTO][LC-2][CELL5][20161017T105835][PASSED].xml','C:workmfgdata	estreportsTESTREPORT[2205201609700054][CHASSIS][CTO][LC-2][CELL5][20161017T105835]','TRACE[2205201609700054][CHASSIS][CTO][LC-2][CELL5][20161017T105835].log','null','null','2008-11-16 09:56:00','0000-00-00 00:00:00'),(2147483647,'101-0019-000','S243662X6926611','TE-2205-1GE-AC','2205',5,'CTO','LC-2','4.0.0.2','null','null','Roberto','PRODUCTION','CHASSIS','2017-10-16 14:53:00','2017-10-16 15:50:00','0000-00-00 00:00:00',0,'PASSED','TESTREPORT[2205201609700054][CHASSIS][CTO][LC-2][CELL5][20161017T145355][PASSED].xml','C:workmfgdata	estreportsTESTREPORT[2205201609700054][CHASSIS][CTO][LC-2][CELL5][20161017T145355]','TRACE[2205201609700054][CHASSIS][CTO][LC-2][CELL5][20161017T145355].log','null','null','2008-11-16 09:56:00','0000-00-00 00:00:00'),(2147483647,'101-0021-000','S243662X6926612','TE-2205-10GE-BASE-AC','2205',10,'CTO','LC-2','4.0.0.2','null','null','Roberto','PRODUCTION','CHASSIS','2014-10-16 16:45:00','2014-10-16 17:42:00','0000-00-00 00:00:00',0,'PASSED','TESTREPORT[2205201609700055][CHASSIS][CTO][LC-2][CELL10][20161014T164521][PASSED].xml','C:workmfgdata	estreportsTESTREPORT[2205201609700055][CHASSIS][CTO][LC-2][CELL10][20161014T164521]','TRACE[2205201609700055][CHASSIS][CTO][LC-2][CELL10][20161014T164521].log','null','null','2008-11-16 09:56:00','0000-00-00 00:00:00'),(2147483647,'101-0021-000','S243662X6926612','TE-2205-10GE-BASE-AC','2205',10,'CTO','LC-2','4.0.0.2','null','null','Roberto','PRODUCTION','CHASSIS','2017-10-16 11:00:00','2017-10-16 11:58:00','2002-01-01 00:00:00',0,'PASSED','TESTREPORT[2205201609700055][CHASSIS][CTO][LC-2][CELL10][20161017T110043][PASSED].xml','C:workmfgdata	estreportsTESTREPORT[2205201609700055][CHASSIS][CTO][LC-2][CELL10][20161017T110043]','TRACE[2205201609700055][CHASSIS][CTO][LC-2][CELL10][20161017T110043].log','null','null','2008-11-16 09:57:00','0000-00-00 00:00:00'),(2147483647,'101-0021-000','S243662X6926612','TE-2205-10GE-AC','2205',10,'CTO','LC-2','4.0.0.2','null','null','Roberto','PRODUCTION','CHASSIS','2017-10-16 15:07:00','2017-10-16 16:04:00','0000-00-00 00:00:00',0,'PASSED','TESTREPORT[2205201609700055][CHASSIS][CTO][LC-2][CELL10][20161017T150738][PASSED].xml','C:workmfgdata	estreportsTESTREPORT[2205201609700055][CHASSIS][CTO][LC-2][CELL10][20161017T150738]','TRACE[2205201609700055][CHASSIS][CTO][LC-2][CELL10][20161017T150738].log','null','null','2008-11-16 09:57:00','0000-00-00 00:00:00'),(2147483647,'101-0021-000','S243662X6926612','TE-2205-10GE-HW-AC','2205',8,'LICCONF','LC-1','4.0.0.2','null','null','TIN','PRODUCTION','CHASSIS','2020-10-16 13:47:00','2020-10-16 13:47:00','0000-00-00 00:00:00',0,'ERROR','TESTREPORT[2205201609700055][CHASSIS][LICCONF][LC-1][CELL8][20161020T134720][ERROR].xml','C:workmfgdata	estreportsTESTREPORT[2205201609700055][CHASSIS][LICCONF][LC-1][CELL8][20161020T134720]','TRACE[2205201609700055][CHASSIS][LICCONF][LC-1][CELL8][20161020T134720].log','null','null','2008-11-16 09:57:00','0000-00-00 00:00:00'),(2147483647,'101-0021-000','S243662X6926612','TE-2205-10GE-HW-AC','2205',8,'LICCONF','LC-1','4.0.0.2','null','null','TIN','PRODUCTION','CHASSIS','2020-10-16 13:47:00','2020-10-16 13:47:00','0000-00-00 00:00:00',0,'ERROR','TESTREPORT[2205201609700055][CHASSIS][LICCONF][LC-1][CELL8][20161020T134758][ERROR].xml','C:workmfgdata	estreportsTESTREPORT[2205201609700055][CHASSIS][LICCONF][LC-1][CELL8][20161020T134758]','TRACE[2205201609700055][CHASSIS][LICCONF][LC-1][CELL8][20161020T134758].log','null','null','2008-11-16 09:57:00','0000-00-00 00:00:00'),(2147483647,'101-0021-000','S243662X6926612','TE-2205-10GE-HW-AC','2205',8,'LICCONF','LC-1','4.0.0.2','null','null','TIN','PRODUCTION','CHASSIS','2020-10-16 13:48:00','2020-10-16 13:49:00','0000-00-00 00:00:00',0,'ERROR','TESTREPORT[2205201609700055][CHASSIS][LICCONF][LC-1][CELL8][20161020T134859][ERROR].xml','C:workmfgdata	estreportsTESTREPORT[2205201609700055][CHASSIS][LICCONF][LC-1][CELL8][20161020T134859]','TRACE[2205201609700055][CHASSIS][LICCONF][LC-1][CELL8][20161020T134859].log','null','null','2008-11-16 09:58:00','0000-00-00 00:00:00'),(2147483647,'101-0021-000','S243662X6926612','TE-2205-10GE-HW-AC','2205',7,'LICCONF','LC-1','4.0.0.2','null','null','TIN','PRODUCTION','CHASSIS','2020-10-16 13:50:00','2020-10-16 13:50:00','0000-00-00 00:00:00',0,'ERROR','TESTREPORT[2205201609700055][CHASSIS][LICCONF][LC-1][CELL7][20161020T135006][ERROR].xml','C:workmfgdata	estreportsTESTREPORT[2205201609700055][CHASSIS][LICCONF][LC-1][CELL7][20161020T135006]','TRACE[2205201609700055][CHASSIS][LICCONF][LC-1][CELL7][20161020T135006].log','null','null','2008-11-16 09:57:00','0000-00-00 00:00:00'),(2147483647,'150-1007-000','S254972X6939591','TR-2205-HW-G-AC','2205',2,'LICCONF','LC-1','4.0.0.2','null','null','Roberto','PRODUCTION','CHASSIS','2031-10-16 15:27:00','2031-10-16 15:39:00','0000-00-00 00:00:00',0,'PASSED','TESTREPORT[2205201609700068][CHASSIS][LICCONF][LC-1][CELL2][20161031T152700][PASSED].xml','C:workmfgdata	estreportsTESTREPORT[2205201609700068][CHASSIS][LICCONF][LC-1][CELL2][20161031T152700]','TRACE[2205201609700068][CHASSIS][LICCONF][LC-1][CELL2][20161031T152700].log','null','null','2008-11-16 09:58:00','0000-00-00 00:00:00'),(2147483647,'101-0039-000','S252893X6939594','ND-2205-10GE-AC','2205',9,'CTO','LC-2','4.0.0.2','null','null','Roberto','PRODUCTION','CHASSIS','2014-10-16 16:47:00','2014-10-16 17:37:00','0000-00-00 00:00:00',0,'ERROR','TESTREPORT[2205201609700071][CHASSIS][CTO][LC-2][CELL9][20161014T164701][ERROR].xml','C:workmfgdata	estreportsTESTREPORT[2205201609700071][CHASSIS][CTO][LC-2][CELL9][20161014T164701]','TRACE[2205201609700071][CHASSIS][CTO][LC-2][CELL9][20161014T164701].log','null','null','2008-11-16 09:58:00','0000-00-00 00:00:00'),(2147483647,'101-0039-000','S252893X6939594','ND-2205-10GE-BASE-AC','2205',9,'CTO','LC-2','4.0.0.2','null','null','Roberto','PRODUCTION','CHASSIS','2017-10-16 10:59:00','2017-10-16 11:19:00','2002-01-01 00:00:00',0,'ERROR','TESTREPORT[2205201609700071][CHASSIS][CTO][LC-2][CELL9][20161017T105934][ERROR].xml','C:workmfgdata	estreportsTESTREPORT[2205201609700071][CHASSIS][CTO][LC-2][CELL9][20161017T105934]','TRACE[2205201609700071][CHASSIS][CTO][LC-2][CELL9][20161017T105934].log','null','null','2008-11-16 09:59:00','0000-00-00 00:00:00'),(2147483647,'101-0039-000','S252893X6939594','ND-2205-10GE-AC','2205',9,'CTO','LC-2','4.0.0.2','null','null','Roberto','PRODUCTION','CHASSIS','2017-10-16 15:06:00','2017-10-16 15:58:00','0000-00-00 00:00:00',0,'FAILED','TESTREPORT[2205201609700071][CHASSIS][CTO][LC-2][CELL9][20161017T150600][FAILED].xml','C:workmfgdata	estreportsTESTREPORT[2205201609700071][CHASSIS][CTO][LC-2][CELL9][20161017T150600]','TRACE[2205201609700071][CHASSIS][CTO][LC-2][CELL9][20161017T150600].log','null','null','2008-11-16 09:59:00','0000-00-00 00:00:00'),(2147483647,'101-0039-000','S252893X6939594','ND-2205-10GE-AC','2205',9,'CTO','LC-2','4.0.0.2','null','null','Roberto','PRODUCTION','CHASSIS','2018-10-16 09:24:00','2018-10-16 10:21:00','2002-01-01 00:00:00',0,'PASSED','TESTREPORT[2205201609700071][CHASSIS][CTO][LC-2][CELL9][20161018T092409][PASSED].xml','C:workmfgdata	estreportsTESTREPORT[2205201609700071][CHASSIS][CTO][LC-2][CELL9][20161018T092409]','TRACE[2205201609700071][CHASSIS][CTO][LC-2][CELL9][20161018T092409].log','null','null','2008-11-16 09:59:00','0000-00-00 00:00:00'),(2147483647,'101-0039-000','S252893X6939594','ND-2205-10GE-BASE-AC','2205',2,'CTO','LC-2','4.0.0.2','null','null','Roberto','PRODUCTION','CHASSIS','2020-10-16 15:24:00','2020-10-16 16:21:00','0000-00-00 00:00:00',0,'FAILED','TESTREPORT[2205201609700071][CHASSIS][CTO][LC-2][CELL2][20161020T152432][FAILED].xml','C:workmfgdata	estreportsTESTREPORT[2205201609700071][CHASSIS][CTO][LC-2][CELL2][20161020T152432]','TRACE[2205201609700071][CHASSIS][CTO][LC-2][CELL2][20161020T152432].log','null','null','2008-11-16 09:58:00','0000-00-00 00:00:00'),(2147483647,'101-0039-000','S252893X6939594','ND-2205-10GE-BASE-AC','2205',2,'CTO','LC-2','4.0.0.2','null','null','Roberto','PRODUCTION','CHASSIS','2021-10-16 09:20:00','2021-10-16 10:19:00','2002-01-01 00:00:00',0,'PASSED','TESTREPORT[2205201609700071][CHASSIS][CTO][LC-2][CELL2][20161021T092012][PASSED].xml','C:workmfgdata	estreportsTESTREPORT[2205201609700071][CHASSIS][CTO][LC-2][CELL2][20161021T092012]','TRACE[2205201609700071][CHASSIS][CTO][LC-2][CELL2][20161021T092012].log','null','null','2008-11-16 09:58:00','0000-00-00 00:00:00'),(2147483647,'101-0019-000','S243662X6A23626','PT-2205-1GE-ADNSGD-AC','2205',1,'CTO','LC-2','4.0.0.2','null','null','Roberto','PRODUCTION','CHASSIS','2027-10-16 13:12:00','2027-10-16 13:12:00','0000-00-00 00:00:00',0,'FAILED','TESTREPORT[2205201610700039][CHASSIS][CTO][LC-2][CELL1][20161027T131254][FAILED].xml','C:workmfgdata	estreportsTESTREPORT[2205201610700039][CHASSIS][CTO][LC-2][CELL1][20161027T131254]','TRACE[2205201610700039][CHASSIS][CTO][LC-2][CELL1][20161027T131254].log','null','null','2008-11-16 09:59:00','0000-00-00 00:00:00'),(2147483647,'101-0043-000','S243662X6A23626','PT-2205-1GE-ADNSGD-AC','2205',1,'CTO','LC-2','4.0.0.2','null','null','Roberto','PRODUCTION','CHASSIS','2027-10-16 13:18:00','2027-10-16 14:15:00','0000-00-00 00:00:00',0,'PASSED','TESTREPORT[2205201610700039][CHASSIS][CTO][LC-2][CELL1][20161027T131805][PASSED].xml','C:workmfgdata	estreportsTESTREPORT[2205201610700039][CHASSIS][CTO][LC-2][CELL1][20161027T131805]','TRACE[2205201610700039][CHASSIS][CTO][LC-2][CELL1][20161027T131805].log','null','null','2008-11-16 09:59:00','0000-00-00 00:00:00'),(2147483647,'101-0043-000','S243662X6A23627','PT-2205-1GE-ADNSGD-AC','2205',2,'CTO','LC-2','4.0.0.2','null','null','Roberto','PRODUCTION','CHASSIS','2027-10-16 13:51:00','2027-10-16 14:49:00','0000-00-00 00:00:00',0,'PASSED','TESTREPORT[2205201610700040][CHASSIS][CTO][LC-2][CELL2][20161027T135152][PASSED].xml','C:workmfgdata	estreportsTESTREPORT[2205201610700040][CHASSIS][CTO][LC-2][CELL2][20161027T135152]','TRACE[2205201610700040][CHASSIS][CTO][LC-2][CELL2][20161027T135152].log','null','null','2008-11-16 10:00:00','0000-00-00 00:00:00'),(2147483647,'150-1006-000','S243662X6A23628','TE-2205-HW-AC','2205',2,'LICCONF','LC-1','4.0.0.2','null','null','Roberto','PRODUCTION','CHASSIS','2031-10-16 11:10:00','2031-10-16 11:24:00','2002-01-01 00:00:00',0,'PASSED','TESTREPORT[2205201610700041][CHASSIS][LICCONF][LC-1][CELL2][20161031T111028][PASSED].xml','C:workmfgdata	estreportsTESTREPORT[2205201610700041][CHASSIS][LICCONF][LC-1][CELL2][20161031T111028]','TRACE[2205201610700041][CHASSIS][LICCONF][LC-1][CELL2][20161031T111028].log','null','null','2008-11-16 10:00:00','0000-00-00 00:00:00'),(2147483647,'101-0043-000','S243662X6A23629','PT-2205-1GE-ADNSGD-AC','2205',2,'CTO','LC-2','4.0.0.2','null','null','Roberto','PRODUCTION','CHASSIS','2028-10-16 15:12:00','2028-10-16 15:16:00','0000-00-00 00:00:00',0,'FAILED','TESTREPORT[2205201610700042][CHASSIS][CTO][LC-2][CELL2][20161028T151204][FAILED].xml','C:workmfgdata	estreportsTESTREPORT[2205201610700042][CHASSIS][CTO][LC-2][CELL2][20161028T151204]','TRACE[2205201610700042][CHASSIS][CTO][LC-2][CELL2][20161028T151204].log','null','null','2008-11-16 10:00:00','0000-00-00 00:00:00'),(2147483647,'101-0043-000','S243662X6A23629','PT-2205-1GE-ADNSGD-AC','2205',2,'CTO','LC-2','4.0.0.2','null','null','Roberto','PRODUCTION','CHASSIS','2028-10-16 15:21:00','2028-10-16 16:22:00','0000-00-00 00:00:00',0,'PASSED','TESTREPORT[2205201610700042][CHASSIS][CTO][LC-2][CELL2][20161028T152112][PASSED].xml','C:workmfgdata	estreportsTESTREPORT[2205201610700042][CHASSIS][CTO][LC-2][CELL2][20161028T152112]','TRACE[2205201610700042][CHASSIS][CTO][LC-2][CELL2][20161028T152112].log','null','null','2008-11-16 10:00:00','0000-00-00 00:00:00'),(2147483647,'101-0043-000','S243662X6A23630','PT-2205-1GE-ADNSGD-AC','2205',8,'CTO','LC-2','4.0.0.2','null','null','Roberto','PRODUCTION','CHASSIS','2031-10-16 09:27:00','2031-10-16 10:25:00','2002-01-01 00:00:00',0,'PASSED','TESTREPORT[2205201610700043][CHASSIS][CTO][LC-2][CELL8][20161031T092727][PASSED].xml','C:workmfgdata	estreportsTESTREPORT[2205201610700043][CHASSIS][CTO][LC-2][CELL8][20161031T092727]','TRACE[2205201610700043][CHASSIS][CTO][LC-2][CELL8][20161031T092727].log','null','null','2008-11-16 10:00:00','0000-00-00 00:00:00'),(2147483647,'101-0043-000','S243662X6A23631','PT-2205-1GE-ADNSGD-AC','2205',3,'CTO','LC-2','4.0.0.2','null','null','Roberto','PRODUCTION','CHASSIS','2028-10-16 14:12:00','2028-10-16 15:09:00','0000-00-00 00:00:00',0,'PASSED','TESTREPORT[2205201610700044][CHASSIS][CTO][LC-2][CELL3][20161028T141204][PASSED].xml','C:workmfgdata	estreportsTESTREPORT[2205201610700044][CHASSIS][CTO][LC-2][CELL3][20161028T141204]','TRACE[2205201610700044][CHASSIS][CTO][LC-2][CELL3][20161028T141204].log','null','null','2008-11-16 10:01:00','0000-00-00 00:00:00'),(2147483647,'101-0043-000','S243662X6A23632','PT-2205-1GE-ADNSGD-AC','2205',3,'CTO','LC-2','4.0.0.2','null','null','Roberto','PRODUCTION','CHASSIS','2028-10-16 15:50:00','2028-10-16 16:52:00','0000-00-00 00:00:00',0,'PASSED','TESTREPORT[2205201610700045][CHASSIS][CTO][LC-2][CELL3][20161028T155027][PASSED].xml','C:workmfgdata	estreportsTESTREPORT[2205201610700045][CHASSIS][CTO][LC-2][CELL3][20161028T155027]','TRACE[2205201610700045][CHASSIS][CTO][LC-2][CELL3][20161028T155027].log','null','null','2008-11-16 10:01:00','0000-00-00 00:00:00'),(2147483647,'101-0043-000','S243662X6A23633','PT-2205-1GE-ADNSGD-AC','2205',4,'CTO','LC-2','4.0.0.2','null','null','Roberto','PRODUCTION','CHASSIS','2028-10-16 16:16:00','2028-10-16 17:15:00','0000-00-00 00:00:00',0,'PASSED','TESTREPORT[2205201610700046][CHASSIS][CTO][LC-2][CELL4][20161028T161625][PASSED].xml','C:workmfgdata	estreportsTESTREPORT[2205201610700046][CHASSIS][CTO][LC-2][CELL4][20161028T161625]','TRACE[2205201610700046][CHASSIS][CTO][LC-2][CELL4][20161028T161625].log','null','null','2008-11-16 10:01:00','0000-00-00 00:00:00');

/*Table structure for table `V_DISTINCT_PN` */

DROP TABLE IF EXISTS `V_DISTINCT_PN`;

CREATE TABLE `V_DISTINCT_PN` (
  `PN` varchar(255) DEFAULT NULL,
  `prod` varchar(255) DEFAULT NULL
) ENGINE=InnoDB DEFAULT CHARSET=latin1;

/*Data for the table `V_DISTINCT_PN` */

insert  into `V_DISTINCT_PN`(`PN`,`prod`) values ('101-0005-000','805'),('101-0006-000','805'),('150-1001-000','805'),('150-1002-000','805'),('150-1008-000','805'),('101-0001-000','1405'),('101-0002-000','1405'),('101-0007-000','1405'),('101-0008-000','1405'),('101-0009-000','1405'),('101-0010-000','1405'),('101-0015-000','1405'),('101-0016-000','1405'),('101-0017-000','1405'),('101-0018-000','1405'),('101-0023-000','1405'),('101-0024-000','1405'),('101-0025-000','1405'),('101-0026-000','1405'),('101-0029-000','1405'),('101-0030-000','1405'),('101-0033-000','1405'),('101-0034-000','1405'),('101-0035-000','1405'),('101-0036-000','1405'),('150-1004-000','1405'),('150-1005-000','1405'),('150-1009-000','1405'),('101-0003-000','2205'),('101-0004-000','2205'),('101-0011-000','2205'),('101-0012-000','2205'),('101-0013-000','2205'),('101-0014-000','2205'),('101-0019-000','2205'),('101-0020-000','2205'),('101-0021-000','2205'),('101-0022-000','2205'),('101-0027-000','2205'),('101-0028-000','2205'),('101-0031-000','2205'),('101-0032-000','2205'),('101-0037-000','2205'),('101-0038-000','2205'),('101-0039-000','2205'),('101-0040-000','2205'),('101-0041-000','2205'),('101-0042-000','2205'),('101-0043-000','2205'),('101-0044-000','2205'),('101-0098-000','2205'),('101-0099-000','2205'),('150-1006-000','2205'),('150-1007-000','2205'),('150-1010-000','2205');

/*!40101 SET SQL_MODE=@OLD_SQL_MODE */;
/*!40014 SET FOREIGN_KEY_CHECKS=@OLD_FOREIGN_KEY_CHECKS */;
/*!40014 SET UNIQUE_CHECKS=@OLD_UNIQUE_CHECKS */;
/*!40111 SET SQL_NOTES=@OLD_SQL_NOTES */;
